"","comments","codominant","dominant","recessive","overdominant","log-additive"
"rs10176176",NA,1.20082084938142e-05,0.00342794049252679,4.87626094530731e-06,0.494055059768005,2.36567470718644e-05
"rs77446482",NA,0.000741757465174742,0.00093449322820248,1,0.000303076949843378,0.000741757465174742
"rs7616006",NA,0.00166367967645452,0.0491036019837406,0.000483135518371051,0.685049067674821,0.00276571632234496
"rs34429265",NA,0.00204067349423634,0.105829109806972,0.0279774089027318,0.00101443069817434,0.943812374922851
"rs11220462",NA,0.00208214775563008,0.00205687128842255,0.00536958993647035,0.146043488027029,0.00044931382414588
"rs796740762",NA,0.00523250701626212,0.0161862614139346,0.0569550930996714,0.06541332100237,0.00523250701626212
"rs931396356",NA,0.00604519772367601,0.46373016945877,0.00673082562606446,0.0365986466895104,0.665046833186961
"rs796930769",NA,0.00697148085386172,0.0515707162891619,0.0131969118157775,0.282180692425891,0.00697148085386172
"rs6780569",NA,0.00736755743605411,0.00617403825434503,0.715817958708343,0.00176375199778112,0.0244449354727723
"rs36119074",NA,0.00816252882750372,0.00201183015702809,0.311154714623936,0.00497573674043108,0.00398936721036661
"rs11753995",NA,0.00841043305710512,0.0245999485986535,0.424390135879422,0.00241804401018259,0.139314670218852
"rs76070453",NA,0.00855069796993848,0.025791151108536,0.0569550930996714,0.0967930031075687,0.00855069796993848
"rs796127945",NA,0.00855069796993848,0.025791151108536,0.0569550930996714,0.0967930031075687,0.00855069796993848
"rs920039664",NA,0.011606016637694,0.362745472017342,0.0176232068120891,0.0294431239594317,0.840466407608832
"rs10811661",NA,0.0125409512033183,0.503485300434467,0.00376296418443503,0.274525632611907,0.077616633680354
"rs1395059147",NA,0.0127757187355166,0.348528918871298,0.0569550930996714,0.0357786423769489,0.0127757187355166
"rs148959479",NA,0.0131969118157804,0.0295889747263712,1,0.0131969118157775,0.0131969118157804
"rs145662988",NA,0.0140623051317991,0.153564837248424,0.0131969118157775,0.637165427939049,0.0140623051317991
"rs1531343",NA,0.0157422243599263,0.142948002280459,0.103506782639679,0.0104532565652182,0.627642727221989
"rs7164479",NA,0.0239106673979179,0.109154574726755,0.203860296448797,0.00657447066908391,0.691820160250828
"rs1169224064",NA,0.0241723236178616,0.162586472754499,0.161680387739848,0.014347479907485,0.607009427612293
"rs4686698",NA,0.0243023098482911,0.453853022593333,0.0131969118157775,0.641825663143967,0.0243023098482911
"rs147444423",NA,0.024697185739928,0.00669384276142823,0.452756365155618,0.0161862614139346,0.0177487791432024
"rs1322639",NA,0.0257409530734484,0.0880673977923248,0.0100906214512261,0.90981265248713,0.0136340129050952
"rs80141833",NA,0.0267750858162939,0.0428794365687675,1,0.0121771509497796,0.0267750858162939
"rs62282669",NA,0.0283365317923659,0.00853019441383339,0.131742166910608,0.177489701527866,0.0109392726613633
"rs1564348",NA,0.0286676772450091,0.134467325176517,0.115310988318769,0.024599948598654,0.435710205103918
"rs6818397",NA,0.0298321945727096,0.339165915853574,0.0836801307500772,0.0108615379957313,0.72051460119391
"rs113023398",NA,0.0302331619802388,0.00868999835546862,0.824351748121282,0.00985079825413836,0.0142702496986844
"rs9323988",NA,0.0313107838792155,0.94063783877258,0.0176656941980308,0.0643278565712685,0.247197790947375
"rs12940887",NA,0.0321486382405958,0.972704846720285,0.0176232068120891,0.15829913514288,0.344263660912721
"rs6941513",NA,0.0326980629272995,0.379694045681199,0.00919985013163749,0.127908363826221,0.0371953695313929
"rs191525942",NA,0.0334213728286492,0.240728252377221,0.240963855421687,0.115626617558462,0.0334213728286492
"rs1417936459",NA,0.0334213728286492,0.240728252377221,0.240963855421687,0.115626617558462,0.0334213728286492
"rs1188418247",NA,0.0334213728286492,0.240728252377221,0.240963855421687,0.115626617558462,0.0334213728286492
"rs9349379",NA,0.0334626795508897,0.0247894412156862,0.657829340819186,0.0193477081693936,0.303184112106506
"rs7952602",NA,0.0371641310236096,0.155788812427665,0.0121771509497794,0.938926967915936,0.0309376024900281
"rs12280753",NA,0.0373938568659534,0.928344287115544,0.0569550930996714,0.185437187296468,0.0373938568659534
"rs7766238",NA,0.0387396520904416,0.0320954277000184,0.715817958708343,0.011157811504598,0.0947676694805141
"rs8042680",NA,0.0392796597113667,0.763169879805229,0.0149491067914699,0.0616483856967354,0.102364995187421
"rs147574806",NA,0.0393195553819916,0.185437187296468,0.240963855421687,0.11998803126425,0.0393195553819916
"rs2296609",NA,0.0394672993007903,0.238813002545228,0.0110313185811138,0.448161768169716,0.0359522180316326
"rs2259820",NA,0.040435956452688,0.0548606498194303,0.328773448438051,0.0115026066678229,0.408220455281813
"rs9465871",NA,0.0414173680586229,0.0156532888802216,0.112202927566011,0.122879191380124,0.0119050012168912
"rs2289081",NA,0.0416429255425668,0.448161768169727,0.0127550998098437,0.12037671690518,0.0549787071038264
"rs9323989",NA,0.0435998892970961,0.968265925806835,0.0180368921579608,0.113437657131372,0.220251561518103
"rs9323990",NA,0.0435998892970961,0.968265925806835,0.0180368921579608,0.113437657131372,0.220251561518103
"rs1906599",NA,0.0437778549985292,0.0138316663085056,0.177288186741227,0.216273486155956,0.0209096714814053
"rs117303969",NA,0.0438007932045226,0.0295889747263712,0.240963855421687,0.115310988318769,0.0438007932045226
"rs181858570",NA,0.0438007932045226,0.0295889747263712,0.240963855421687,0.115310988318769,0.0438007932045226
"rs62282670",NA,0.0446923518458791,0.0147963329132363,0.131742166910608,0.240428506043494,0.0160960303707347
"rs11212617",NA,0.0449591934397221,0.504350901618493,0.0610597542245778,0.0179500311625573,0.479321361107006
"rs2100267180",NA,0.0491784236765369,0.178791164570516,0.240963855421687,0.0474844181715936,0.0491784236765369
"rs1427951265",NA,0.0511143859467861,0.0428794365687675,0.240963855421687,0.108294027719275,0.0511143859467861
"rs1470579",NA,0.0535174965169937,0.0188054408767357,0.157483135891955,0.142616695437629,0.0170740557116717
"rs2412772",NA,0.0552148998962564,0.255165390045874,0.0161862614139349,0.20719158510923,0.0324455564067327
"rs1308403596",NA,0.0555212715588508,0.400309769215002,0.240963855421687,0.197710886872173,0.0555212715588508
"rs174556",NA,0.0573872222805403,0.467586060229206,0.0176656941980308,0.304610534348314,0.0888122942846687
"rs150955946",NA,0.0583947861159455,0.660014939189546,0.0569550930996714,0.400309769214993,0.0583947861159455
"rs74046911",NA,0.0590707619686334,0.0245999485986535,0.824351748121282,0.018845181044451,0.0541542044519679
"rs13292136",NA,0.0591449635013355,0.0222805029319657,0.824351748121282,0.0190701433289287,0.044867893077684
"rs72689147",NA,0.0630874463851208,0.0548606498194313,0.0555661741131397,0.282180692425897,0.0222117966412488
"rs2081687",NA,0.0634571290882383,0.599094259606955,0.0595443728490663,0.0528206268532504,0.559559651147666
"rs938458654",NA,0.0641705258646322,0.311154714623936,0.240963855421687,0.200633109863493,0.0641705258646322
"rs7173743",NA,0.0650806614520947,0.155056390093749,0.287268242272496,0.0201126014040616,0.681799608025401
"rs4660293",NA,0.0666731141556685,0.0311397335936121,0.115626617558462,0.189118881065924,0.0666731141556685
"rs4402960",NA,0.0698694357611052,0.0237607625840339,0.596969516220541,0.0477441873219244,0.0625333536069848
"rs9369640",NA,0.0755304084919928,0.0313579532321865,0.929418470411531,0.0294361743501384,0.105569910594833
"rs1329801376",NA,0.0756850329522223,0.10555565966448,0.240963855421687,0.229293098720264,0.0756850329522223
"rs753214",NA,0.0757106370376247,0.0335893784738897,0.131742166910608,0.458537782232183,0.0249652050716702
"rs10757282",NA,0.0761245013029887,0.0855203121873174,0.56894247530892,0.0281730648116529,0.461798001089564
"rs10811660",NA,0.0769171533014424,0.50141809392059,0.0241979672840489,0.526546109612126,0.137465478228968
"rs1800758",NA,0.0770205602204159,0.0222805029319657,0.197710886872173,0.108814650731876,0.0770205602204159
"rs10423288",NA,0.0779298576583978,0.0453725017444628,0.715817958708343,0.0245999485986535,0.0989998705673725
"rs2238151",NA,0.0782945942681248,0.0679127111916744,0.0558012026629267,0.978967370079004,0.0240119435721243
"rs373544919",NA,0.081809846621918,0.0666276414027804,1,0.0368883984417095,0.081809846621918
"rs449789",NA,0.0836076420894346,0.15829913514288,0.256687451769545,0.045372501744462,0.418029517197737
"rs77556698",NA,0.0847080649526215,0.625336549221024,0.0295889747263712,0.553755786637723,0.230672298105929
"rs1696843808",NA,0.0849769064177871,0.112202927566011,0.42588657091709,0.0357786423769489,0.279174771311208
"rs163184",NA,0.0852866150756499,0.637189149381088,0.0773789695266726,0.0382440817867735,0.436651333795588
"rs3184504",NA,0.087391739978561,0.281554961106531,0.0284894613438016,0.723591681207528,0.0668898356527804
"rs796790785",NA,0.0892775940810162,0.0147133074613851,1,0.0245999485986535,0.0892775940810162
"rs9837654",NA,0.0919266018465939,0.0313700450532278,0.223835430293728,0.119699808545622,0.0319408773803676
"rs1994016",NA,0.0924892690937221,0.0528206268532504,0.801351248857671,0.0294431239594317,0.148193031891442
"rs2229357",NA,0.0926630023428314,0.0372309556941369,0.161680387739845,0.127855396355822,0.0295949201772946
"rs1015446678",NA,0.0979951080767624,0.0364578592413799,0.966019076560282,0.0321861627241799,0.0684338729005575
"rs1386399",NA,0.102972248231843,0.0581872604011435,0.102176210641611,0.411298520052549,0.033264502421749
"rs1256514812",NA,0.103684694826989,0.0307148403390011,0.338103938159104,0.0868622138211778,0.103684694826989
"rs11154027",NA,0.105156866886188,0.12037671690518,0.0645307147123136,0.792933931907101,0.0384039581521774
"rs2200733",NA,0.110583655160851,0.292006683688843,0.185437187296468,0.0717364352746691,0.752202171816576
"rs540523594",NA,0.11106552824453,0.168669028352896,0.240963855421687,0.386240722325019,0.11106552824453
"rs62356626",NA,0.115012277480243,0.110579135599308,0.603036090248764,0.0403460256372089,0.285497264818219
"rs10911021",NA,0.116269962266511,0.0437048848177358,0.24100670923887,0.217656878161932,0.0450508386847333
"rs4921914",NA,0.117352069233718,0.0391667474504431,0.51893477549014,0.100991821331115,0.0745954556420993
"rs3136520",NA,0.121169766859873,0.16255834137061,0.240963855421687,0.345770549197881,0.121169766859873
"rs7961581",NA,0.122530450210035,0.0457957173194344,0.24100670923887,0.217882092808974,0.0478350098093408
"rs7901695",NA,0.124900836586362,0.131395639375826,0.423318537497664,0.0456082534527473,0.404063911232565
"rs964184",NA,0.125125949509971,0.253603205370181,0.0446606191213431,0.909300395562432,0.0792836080036816
"rs2943641",NA,0.128194611259911,0.128871281762486,0.0645307147123136,0.77401487665072,0.0498514403008679
"rs1304292200",NA,0.128764746527936,0.015004115664926,1,0.0268686274328022,0.128764746527936
"rs2681472",NA,0.128955556423397,0.238813002545223,0.272720743046421,0.0528206268532504,0.714324812365769
"rs6999159",NA,0.13601244504903,0.0583700111617805,0.203860296448797,0.42934414850628,0.0525615875114266
"rs60808706",NA,0.139341815530082,0.151475099841454,0.424390135879422,0.0594736756069428,0.354001201652514
"rs1388854650",NA,0.139378738555764,0.498444076545441,0.240963855421687,0.223835430293723,0.139378738555764
"rs551092261",NA,0.139378738555764,0.498444076545441,0.240963855421687,0.223835430293723,0.139378738555764
"rs4737009",NA,0.140441173988446,0.193569892705004,0.384354393605586,0.0485608654103129,0.658042346352825
"rs79307166",NA,0.141392152603966,0.0583700111617796,0.338103938159104,0.145857670723932,0.141392152603966
"rs1391020513",NA,0.144471455667486,0.115310988318769,0.240963855421687,0.4258865709171,0.144471455667486
"rs356082",NA,0.144471455667486,0.115310988318765,0.240963855421687,0.42588657091709,0.144471455667486
"rs527644599",NA,0.144471455667486,0.115310988318769,0.240963855421687,0.42588657091709,0.144471455667486
"rs535461108",NA,0.144471455667486,0.115310988318769,0.240963855421687,0.42588657091709,0.144471455667486
"rs1214204747",NA,0.151264769132798,0.0675813284289207,1,0.11998803126425,0.151264769132798
"rs1767570064",NA,0.151264769132798,0.0675813284289207,1,0.11998803126425,0.151264769132798
"rs115875593",NA,0.151264769132798,0.0675813284289207,1,0.11998803126425,0.151264769132798
"rs9443789",NA,0.151653211129357,0.161680387739848,0.240963855421687,0.424390135879422,0.151653211129357
"rs9443788",NA,0.151653211129357,0.161680387739848,0.240963855421687,0.424390135879422,0.151653211129357
"rs1436005404",NA,0.151653211129357,0.161680387739848,1,0.0821430964237736,0.151653211129357
"rs113635660",NA,0.151653211129357,0.161680387739848,0.240963855421687,0.424390135879433,0.151653211129357
"rs62011003",NA,0.155422756233382,0.0268686274328022,1,0.0628059814747828,0.155422756233382
"rs9818870",NA,0.157437031051633,0.0320954277000184,1,0.0689849101396956,0.157437031051633
"rs4855877",NA,0.158870100781981,0.504018326442706,0.0558012026629249,0.288692115569864,0.126951920340279
"rs1221921974",NA,0.160382789820232,0.0697874928101166,0.928344287115544,0.0634822459502985,0.144546091990346
"rs545591591",NA,0.162338869193121,0.516363388685605,0.240963855421687,0.185437187296468,0.162338869193121
"rs4920191",NA,0.164106888906164,0.0855203121873187,0.168669028352896,0.282180692425897,0.0574786260811935
"rs4737010",NA,0.168411257868489,0.351060652131317,0.238651141711099,0.0742381724114917,0.942357908082519
"rs879324",NA,0.168518722563151,0.0905181724154993,0.749982638284374,0.0592141593352786,0.216146371203159
"rs1596192371",NA,0.169684281219402,0.168669028352896,1,0.103506782639679,0.169684281219402
"rs1361341436",NA,0.169684281219402,0.168669028352896,1,0.103506782639683,0.169684281219402
"rs1039954985",NA,0.169684281219402,0.168669028352896,1,0.103506782639683,0.169684281219402
"rs149168431",NA,0.170194594774277,0.0719868329338997,1,0.11998803126425,0.170194594774277
"rs776746",NA,0.171057209149088,0.0710245683621433,0.824351748121282,0.0648715336754818,0.11691044620639
"rs6769511",NA,0.171865698785696,0.072749416516794,0.871203619607544,0.0842120431632738,0.165710366111451
"rs373873396",NA,0.172037179956989,0.824351748121282,0.240963855421687,0.573225225798109,0.172037179956989
"rs74421437",NA,0.172037179956989,0.824351748121282,0.240963855421687,0.573225225798109,0.172037179956989
"rs1962066694",NA,0.172037179956989,0.824351748121282,0.240963855421687,0.573225225798109,0.172037179956989
"rs1164244111",NA,0.172037179956989,0.824351748121282,0.240963855421687,0.573225225798109,0.172037179956989
"rs848309",NA,0.172572817552845,0.412021509585723,0.0610597542245778,0.341258149149382,0.103767080890513
"rs2066861091",NA,0.174773246091918,0.264824571025855,0.240963855421687,0.603036090248764,0.174773246091918
"rs2779116",NA,0.178929747605751,0.21667296772298,0.0825049791666445,0.968265925806835,0.0785981943345423
"rs1272257773",NA,0.180163999821297,0.714439039575633,0.115310988318769,0.286117065190139,0.825701295028561
"rs10761731",NA,0.184744233049855,0.124293963141623,0.126562705784405,0.898132916522777,0.0664407154192199
"rs12412743",NA,0.187068549460665,0.077082686406306,0.966019076560282,0.0679127111916755,0.113815779945474
"rs6689306",NA,0.187436682850932,0.214531299917218,0.0904251907844301,0.871167888191188,0.0813590441745321
"rs143814461",NA,0.188191432294657,0.25012183048421,1,0.103506782639683,0.188191432294657
"rs147250861",NA,0.188191432294657,0.25012183048421,1,0.103506782639679,0.188191432294657
"rs6684439",NA,0.188312868590705,0.111688829708477,0.764853298601079,0.0880673977923229,0.406202372705612
"rs1289447556",NA,0.188958892059656,0.0827065236579034,0.278581016014218,0.24042850604349,0.0684859900678672
"rs4921913",NA,0.1903779507618,0.072749416516794,0.682006548076452,0.12037671690518,0.137346810477231
"rs2466294",NA,0.192016616246605,0.0778649741111759,0.263862539201824,0.438879242421789,0.0835150135773314
"rs492602",NA,0.193043185026676,0.0742381724114902,0.311328061683027,0.330295353472214,0.0834406343363122
"rs371854729",NA,0.194033866760553,0.11998803126425,1,0.115626617558462,0.194033866760553
"rs2024758",NA,0.195607121051726,0.412021509585723,0.0717364352746691,0.397941788451125,0.112549860183589
"rs57151412",NA,0.197402609460225,0.18536576809295,0.400309769214993,0.088110637350258,0.415951711256453
"rs2505083",NA,0.200722905354657,0.397941788451125,0.0737412367383179,0.594446392961393,0.132781068861447
"rs1821048333",NA,0.203340407037507,0.0675813284289207,1,0.115626617558462,0.203340407037507
"rs2253465",NA,0.209749906638255,0.113437657131372,0.894283374465784,0.0905658632545587,0.313286638637199
"rs7957197",NA,0.212936765511356,0.448072501825468,0.256687451769545,0.157483135891955,0.847694867040087
"rs372368353",NA,0.213038287634952,0.652059150033757,0.240963855421687,0.338103938159104,0.213038287634952
"rs878854026",NA,0.213038287634952,0.652059150033757,0.240963855421687,0.338103938159104,0.213038287634952
"rs868448279",NA,0.213038287634952,0.652059150033757,0.240963855421687,0.338103938159104,0.213038287634952
"rs529499749",NA,0.213038287634952,0.65205915003378,0.240963855421687,0.338103938159104,0.213038287634952
"rs770503108",NA,0.213038287634952,0.652059150033757,0.240963855421687,0.338103938159104,0.213038287634952
"rs7134594",NA,0.214708858950564,0.503485300434467,0.2290867690254,0.0899307699518876,0.788545601437126
"rs73044305",NA,0.216253636353385,0.237201542029691,0.42588657091709,0.112202927566011,0.443119361859544
"rs996311822",NA,0.216253636353385,0.237201542029691,0.4258865709171,0.112202927566011,0.443119361859544
"rs2156552",NA,0.217252688655279,0.504350901618506,0.0821430964237736,0.972704846720285,0.24162977012101
"rs11098747",NA,0.21804727400364,0.448161768169716,0.11998803126425,0.862497433413797,0.21804727400364
"rs971587299",NA,0.220062030357071,0.0842120431632738,0.423318537497664,0.172130050929772,0.0910548042937967
"rs62299627",NA,0.220480004810737,0.763169879805229,0.115626617558462,0.568942475308903,0.220480004810737
"rs225132",NA,0.221890308816257,0.0827065236579013,0.474318625336962,0.184950177574768,0.11178536930571
"rs556621",NA,0.224728935323237,0.12429396314162,0.949065297247022,0.127908363826221,0.361316307769612
"rs202023249",NA,0.229628985554126,0.0868622138211778,0.652059150033757,0.109018281567793,0.108473743965748
"rs2129099698",NA,0.231627713955569,0.928344287115544,0.240963855421687,0.516363388685605,0.231627713955569
"rs4149057",NA,0.236653656849308,0.972704846720285,0.11354484251737,0.165422871553687,0.322506350976016
"rs62519871",NA,0.237223809679163,0.128871281762486,0.197842658478868,0.534453901664024,0.0898692594902986
"rs13139571",NA,0.23818332218439,0.090518172415501,0.660014939189546,0.130029098829816,0.126756217615748
"rs17850677",NA,0.238868942320404,0.891537153846578,0.240963855421687,0.400309769214993,0.238868942320404
"rs1358872359",NA,0.238868942320404,0.891537153846578,0.240963855421687,0.400309769214993,0.238868942320404
"rs190319886",NA,0.238868942320404,0.891537153846578,0.240963855421687,0.400309769214993,0.238868942320404
"rs1449527106",NA,0.238868942320404,0.891537153846578,0.240963855421687,0.400309769215002,0.238868942320404
"rs1353578844",NA,0.238868942320404,0.891537153846578,0.240963855421687,0.400309769214993,0.238868942320404
"rs112793222",NA,0.238868942320404,0.891537153846578,0.240963855421687,0.400309769214993,0.238868942320404
"rs3889199",NA,0.238895715027342,0.28970534676835,0.452756365155607,0.105147359545026,0.632040561320377
"rs7228085",NA,0.244791001038629,0.697712298824208,0.198122929337999,0.12037671690518,0.619516151484576
"rs1414064378",NA,0.245142118130478,0.256687451769545,0.240963855421687,0.715817958708343,0.245142118130478
"rs4629226",NA,0.245142118130478,0.256687451769545,1,0.115310988318769,0.245142118130478
"rs992360952",NA,0.245142118130478,0.256687451769545,1,0.115310988318765,0.245142118130478
"rs1369013402",NA,0.245142118130478,0.256687451769545,1,0.115310988318769,0.245142118130478
"rs62031844",NA,0.245142118130478,0.256687451769545,0.240963855421687,0.715817958708343,0.245142118130478
"rs73462910",NA,0.245142118130478,0.256687451769545,1,0.115310988318765,0.245142118130478
"rs144297821",NA,0.245142118130478,0.256687451769545,0.240963855421687,0.715817958708343,0.245142118130478
"rs112095402",NA,0.245142118130478,0.256687451769545,0.240963855421687,0.715817958708343,0.245142118130478
"rs139892529",NA,0.245142118130478,0.256687451769545,0.240963855421687,0.715817958708343,0.245142118130478
"rs2129087835",NA,0.245142118130478,0.256687451769545,0.240963855421687,0.715817958708343,0.245142118130478
"rs183004157",NA,0.245142118130478,0.256687451769545,1,0.115310988318769,0.245142118130478
"rs184201278",NA,0.245142118130478,0.256687451769545,0.240963855421687,0.715817958708343,0.245142118130478
"rs931789074",NA,0.245142118130478,0.256687451769545,0.240963855421687,0.715817958708343,0.245142118130478
"rs1338908339",NA,0.246202440127871,0.11998803126425,1,0.200633109863493,0.246202440127871
"rs1552224",NA,0.247985851702847,0.10604035315148,0.966019076560282,0.0969682309507872,0.161195347268722
"rs932764",NA,0.248511398326733,0.379694045681199,0.0967930031075687,0.477882610002601,0.13254878981565
"rs372603094",NA,0.249812732565578,0.0537010936426216,1,0.112202927566011,0.249812732565578
"rs6444083",NA,0.250126908826755,0.171181426733841,0.178791164570513,0.534453901664024,0.103682107745087
"rs199517940",NA,0.251230121095042,0.0967930031075687,0.613498857369113,0.275485310983015,0.170246473983469
"rs1778971369",NA,0.253028112014675,0.749982638284374,0.240963855421687,0.311154714623936,0.253028112014675
"rs34568238",NA,0.254783683349338,0.579760036933408,0.0982181268260305,0.458537782232171,0.198269430558729
"rs12628032",NA,0.256275593012505,0.590560880269971,0.0992121166858775,0.594446392961393,0.238610051636812
"rs34872471",NA,0.260223230631863,0.131395639375825,0.928344287115544,0.105056686375403,0.2660096644054
"rs1434392557",NA,0.260421565907067,0.345770549197888,0.240963855421687,0.660014939189546,0.260421565907067
"rs1013168",NA,0.262008113978253,0.387190848487759,0.10555565966448,0.909300395562432,0.171235113899896
"rs1231304878",NA,0.264548920481312,0.781268661323589,0.240963855421687,0.652059150033757,0.264548920481312
"rs2147980",NA,0.264548920481312,0.781268661323589,0.240963855421687,0.652059150033757,0.264548920481312
"rs1719650087",NA,0.264548920481312,0.781268661323589,0.240963855421687,0.65205915003378,0.264548920481312
"rs376385276",NA,0.264548920481312,0.781268661323589,0.240963855421687,0.652059150033757,0.264548920481312
"rs561957435",NA,0.273524263369426,0.493009957084316,0.240963855421687,0.809145419839743,0.273524263369426
"rs780008082",NA,0.274779255227809,0.424390135879433,0.240963855421687,0.966019076560016,0.274779255227809
"rs191092691",NA,0.274779255227809,0.424390135879422,0.240963855421687,0.966019076560282,0.274779255227809
"rs200999107",NA,0.274779255227809,0.424390135879422,0.240963855421687,0.966019076560282,0.274779255227809
"rs182346784",NA,0.274779255227809,0.424390135879422,0.240963855421687,0.966019076560282,0.274779255227809
"rs550580839",NA,0.274779255227809,0.424390135879433,0.240963855421687,0.966019076560282,0.274779255227809
"rs188296778",NA,0.274779255227809,0.424390135879422,0.240963855421687,0.966019076560282,0.274779255227809
"rs9443790",NA,0.274779255227809,0.424390135879422,0.240963855421687,0.966019076560282,0.274779255227809
"rs1731701696",NA,0.274779255227809,0.424390135879433,0.240963855421687,0.966019076560282,0.274779255227809
"rs112721830",NA,0.274779255227809,0.424390135879433,0.240963855421687,0.966019076560282,0.274779255227809
"rs368538893",NA,0.274779255227809,0.424390135879433,0.240963855421687,0.966019076560282,0.274779255227809
"rs2283183",NA,0.27647565065418,0.953880903210215,0.240963855421687,0.589547744470283,0.27647565065418
"rs4765127",NA,0.277394620863654,0.171181426733841,0.811654816338868,0.112037987531683,0.370309823853416
"rs12044963",NA,0.277808829602739,0.133195174384697,0.951349353228361,0.111688829708475,0.218075653211442
"rs76122331",NA,0.27789186629487,0.359752156584701,0.200633109863493,0.82895238725954,0.27789186629487
"rs6922248",NA,0.278213450332226,0.180256471671253,0.781268661323549,0.110579135599308,0.33223674269905
"rs1035696557",NA,0.278500001018751,0.452756365155607,0.240963855421687,0.801351248857671,0.278500001018751
"rs12501993",NA,0.280185531660323,0.126261842668126,0.802046968940294,0.157414831809186,0.237998064439835
"rs8175351",NA,0.284722036705628,0.715817958708343,0.240963855421687,1,0.284722036705628
"rs991282717",NA,0.284722036705628,0.715817958708343,0.240963855421687,1,0.284722036705628
"rs545866911",NA,0.284722036705628,0.715817958708343,0.240963855421687,1,0.284722036705628
"rs72836878",NA,0.285400819388156,0.430065430689847,0.115310988318769,0.929418470411531,0.228824314972526
"rs7241918",NA,0.285441938203606,0.237825920643365,0.161680387739845,0.563997355254553,0.138872933357894
"rs117650633",NA,0.286239231886535,0.951349353228361,0.240963855421687,0.512376471943532,0.286239231886535
"rs1800974642",NA,0.286239231886535,0.951349353228361,0.240963855421687,0.512376471943532,0.286239231886535
"rs35549742",NA,0.290249887343361,0.277466749065987,0.42588657091709,0.163036333266632,0.45203373791404
"rs1377830202",NA,0.295878749453981,0.56783218071777,0.240963855421687,0.939659733063475,0.295878749453981
"rs2466295",NA,0.29602708193998,0.14547016278468,0.267064514402544,0.50141809392059,0.121441981187927
"rs459800",NA,0.296305445854671,0.295318026548769,0.567375228621255,0.12037671690518,0.735184493197474
"rs4607103",NA,0.29724073900584,0.340419224484878,0.134467325176517,0.811858206109798,0.153795721451222
"rs1272591463",NA,0.298146839443527,0.162995458498036,0.256687451769545,0.328773448438051,0.122193679506395
"rs35679977",NA,0.298453207231506,0.709201560293549,0.229293098720264,0.235226701057819,0.799329675120089
"rs1021115907",NA,0.304309900458608,0.920033232130733,0.240963855421687,0.738311435411076,0.304309900458608
"rs2852634",NA,0.304694685914929,0.260147414768432,0.164762222346626,0.890683610385063,0.134974376348396
"rs199775897",NA,0.306832096868341,0.172130050929776,0.939659733063475,0.126562705784407,0.312094551529699
"rs3764261",NA,0.308814475588341,0.850772026349179,0.185382924036173,0.264786341257989,0.615511594193799
"rs11642841",NA,0.311054638850368,0.330295353472221,0.452756365155618,0.145857670723932,0.658739265119961
"rs943263",NA,0.311153778770906,0.603036090248764,0.240963855421687,0.824351748121282,0.311153778770906
"rs1206505249",NA,0.311153778770906,0.603036090248764,0.240963855421687,0.824351748121282,0.311153778770906
"rs138678413",NA,0.311153778770906,0.603036090248783,0.240963855421687,0.824351748121282,0.311153778770906
"rs1243724261",NA,0.311153778770906,0.603036090248764,0.240963855421687,0.824351748121282,0.311153778770906
"rs996699795",NA,0.311153778770906,0.603036090248764,0.240963855421687,0.824351748121282,0.311153778770906
"rs1380751955",NA,0.311153778770906,0.603036090248764,0.240963855421687,0.824351748121282,0.311153778770906
"rs1016391333",NA,0.31117104703511,0.0689849101396956,1,0.142014976126668,0.31117104703511
"rs9488822",NA,0.312647170520886,0.919820275719613,0.142014976126672,0.442050892590662,0.479701941436081
"rs13072765",NA,0.31374902206346,0.340419224484878,0.491992265031363,0.127908363826221,0.810994706582048
"rs1253259519",NA,0.315548608373973,0.519918616808969,0.240963855421687,0.951349353228732,0.315548608373973
"rs763529",NA,0.31903578826952,0.3473901452935,1,0.207129507205746,0.31903578826952
"rs2982895",NA,0.319468640530932,0.62699576463771,0.132398689982729,0.387412434494288,0.23819368072304
"rs1250259",NA,0.319620165156322,0.213790794320154,0.207129507205746,0.63031531398864,0.13536436280895
"rs2200732",NA,0.332015147433308,0.384582072916384,0.400309769214993,0.188875043959146,0.693181320645434
"rs4654680",NA,0.332273531280639,0.801351248857671,0.240963855421687,0.749982638284374,0.332273531280639
"rs7121446",NA,0.334728265983402,0.134467325176514,0.337343067558675,0.384354393605595,0.334728265983402
"rs4883201",NA,0.334856893149994,0.348420993343843,0.197710886872173,0.763169879805229,0.334856893149994
"rs17042171",NA,0.335466061478701,0.180623916429587,0.891537153846578,0.140023520754837,0.313772344777795
"rs11577368",NA,0.336765902213972,0.184950177574772,0.939659733063475,0.142948002280459,0.32075901162594
"rs199864935",NA,0.337352130091521,0.0881963618400272,1,0.142014976126672,0.337352130091521
"rs4687246",NA,0.338574535676105,0.151475099841454,0.400309769214993,0.265239304569639,0.142959308061661
"rs371086753",NA,0.338574535676105,0.151475099841454,0.400309769214993,0.265239304569639,0.142959308061661
"rs1421292923",NA,0.339914945141888,0.702964507163534,0.240963855421687,0.953880903210411,0.339914945141888
"rs7134375",NA,0.34097268295259,0.158136533317161,0.412549304207438,0.522823571167017,0.16385885303458
"rs10010131",NA,0.344849013599837,0.307864751801748,0.613811941981112,0.145857670723932,0.629702292133145
"rs2191349",NA,0.345901648075039,0.828952387259592,0.162995458498036,0.36274547201735,0.377996281228204
"rs5219",NA,0.346562326800184,0.642950568644177,0.238651141711099,0.205691199888,0.781701010148633
"rs2814944",NA,0.350327628353064,0.162586472754499,0.338103938159104,0.384354393605595,0.350327628353064
"rs141161479",NA,0.351835811680951,0.966019076560016,0.240963855421687,1,0.351835811680951
"rs1884243889",NA,0.351835811680951,0.966019076560282,0.240963855421687,1,0.351835811680951
"rs879254397",NA,0.351835811680951,0.966019076560016,0.240963855421687,1,0.351835811680951
"rs1019848252",NA,0.351835811680951,0.966019076560016,0.240963855421687,1,0.351835811680951
"rs1844136437",NA,0.351835811680951,0.966019076560282,0.240963855421687,1,0.351835811680951
"rs200338336",NA,0.351835811680951,0.966019076560282,0.240963855421687,1,0.351835811680951
"rs1425192135",NA,0.351835811680951,0.966019076560282,0.240963855421687,1,0.351835811680951
"rs1260500177",NA,0.351835811680951,0.966019076560282,0.240963855421687,1,0.351835811680951
"rs567440517",NA,0.351835811680951,0.966019076560282,0.240963855421687,1,0.351835811680951
"rs12670798",NA,0.352895430724397,0.677816685043467,0.151318919518422,0.62699576463771,0.33634137418168
"rs2537756",NA,0.353891318070247,0.0881963618400272,1,0.178791164570513,0.353891318070247
"rs2281727",NA,0.356859507272936,0.448454937734944,0.396176146212652,0.184950177574768,0.848704246017516
"rs111686654",NA,0.357758637060502,0.264824571025849,1,0.161680387739848,0.357758637060502
"rs909657931",NA,0.357758637060502,0.26482457102586,1,0.161680387739848,0.357758637060502
"rs9326246",NA,0.36111830206804,0.703125216254139,0.240728252377221,0.331144665814581,0.897868377936365
"rs201685005",NA,0.365438622656295,0.0996612154442042,1,0.119699808545625,0.365438622656295
"rs200855821",NA,0.365438622656295,0.0996612154442042,1,0.119699808545625,0.365438622656295
"rs9939609",NA,0.365952624200714,0.21667296772298,0.278581016014218,0.504018326442706,0.159818653040165
"rs9575912",NA,0.366541130478501,0.281554961106531,0.716425429762034,0.157414831809183,0.576570754912296
"rs6557875",NA,0.366652494240484,0.0881963618400272,1,0.112202927566011,0.366652494240484
"rs3846662",NA,0.371878707690818,0.214531299917218,0.886430198984876,0.193569892705004,0.466207478486873
"rs6557876",NA,0.37759576508159,0.695376590010862,0.164762222346626,0.547720413714492,0.327603035610128
"rs1107851",NA,0.38527986257998,0.50401832644272,0.363219185935622,0.179858862594438,0.956517585932734
"rs2980853",NA,0.385420050842213,0.250896663325209,0.741558606935504,0.179858862594434,0.568422790486046
"rs72625727",NA,0.389425866143365,0.250896663325209,0.801351248857671,0.169736789793499,0.429106719736383
"rs12476401",NA,0.389906991309522,0.295318026548769,0.213274256208434,0.971494188282239,0.178362560915605
"rs147665998",NA,0.390470802240776,0.200633109863493,1,0.197710886872173,0.390470802240776
"rs2022417354",NA,0.390470802240776,0.200633109863493,1,0.197710886872173,0.390470802240776
"rs849135",NA,0.393270225547047,0.20719158510923,0.953880903210606,0.186548950079506,0.340870350052368
"rs8065669",NA,0.395748329510078,0.185365768092947,0.39419591834136,0.534453901664024,0.187546629195061
"rs8179219",NA,0.398229188505788,0.108723683568697,1,0.185437187296468,0.398229188505788
"rs1200260467",NA,0.402481800284247,0.177288186741227,0.603036090248764,0.233636924774613,0.208046470313953
"rs1241456280",NA,0.402481800284247,0.177288186741227,0.603036090248764,0.233636924774613,0.208046470313953
"rs4506565",NA,0.404479193446452,0.216273486155956,0.928344287115544,0.183470257394298,0.361888005941538
"rs113861731",NA,0.406889593951682,0.671128145675145,0.197710886872173,0.83800559621377,0.406889593951682
"rs200841974",NA,0.407534969312338,0.444083748326276,0.400309769214993,0.249265480994782,0.732867677569023
"rs12190287",NA,0.411071338404237,0.20719158510923,0.360936560759576,0.62010429595136,0.191394195936497
"rs456475",NA,0.41133413025333,0.286117065190145,0.715817958708343,0.193851398824547,0.434740969367155
"rs1260326",NA,0.412025573233836,0.186548950079502,0.806148635957495,0.315787454454426,0.317382938419574
"rs6501835",NA,0.415221618777233,0.282180692425891,0.264824571025855,0.563997355254553,0.198750017940564
"rs11191548",NA,0.42008020381867,0.180256471671249,1,0.250879780140686,0.42008020381867
"rs59508946",NA,0.422919344406608,0.811858206109798,0.197842658478868,0.494055059768005,0.425117621621646
"rs2293889",NA,0.427673687317503,0.735358194854424,0.193851398824543,0.61385162309978,0.395002876715002
"rs1422916233",NA,0.4288923681341,0.424390135879422,1,0.256687451769545,0.4288923681341
"rs77893786",NA,0.4288923681341,0.424390135879433,1,0.256687451769545,0.4288923681341
"rs1449431454",NA,0.4288923681341,0.424390135879433,1,0.256687451769545,0.4288923681341
"rs1336605322",NA,0.4288923681341,0.424390135879433,1,0.256687451769545,0.4288923681341
"rs12643599",NA,0.429416118413893,0.978967370079004,0.233636924774618,0.36274547201735,0.524512247501177
"rs8050136",NA,0.43264555452024,0.307864751801748,0.278581016014218,0.657600763228772,0.212743974720841
"rs972283",NA,0.441138215310263,0.90981265248713,0.274252295325825,0.277359861411815,0.585577165735049
"rs783396",NA,0.441236090412139,0.157483135891958,1,0.237201542029691,0.441236090412139
"rs5186",NA,0.443265991536545,0.53738185786093,1,0.304721957198623,0.443265991536545
"rs180836628",NA,0.445204068295596,0.62496797075004,0.42588657091709,0.311154714623936,0.937884853487291
"rs11927381",NA,0.445938215138229,0.379423838471161,0.238651141711099,0.957334907111521,0.232452265211908
"rs112658919",NA,0.447934919429711,0.913776785608886,0.256687451769545,0.51893477549014,0.752289863039419
"rs113404697",NA,0.447934919429711,0.913776785608886,0.256687451769545,0.51893477549014,0.752289863039419
"rs113100565",NA,0.447934919429711,0.913776785608886,0.256687451769545,0.51893477549014,0.752289863039419
"rs1325703043",NA,0.451053958538837,0.607934514710312,0.396176146212643,0.273270799602841,1
"rs10128711",NA,0.452478969632036,0.743968329238515,0.304721957198616,0.298844457437062,0.780326607006079
"rs9897596",NA,0.457108403820066,0.531561628395762,0.21230712681145,0.778133407599596,0.29396210465057
"rs225131",NA,0.460608035437758,0.238813002545223,0.403449498147014,0.519940184697268,0.215556758834854
"rs61797793",NA,0.467807497217771,0.142265525666067,1,0.185437187296468,0.467807497217771
"rs3136443",NA,0.467807497217771,0.142265525666067,1,0.185437187296468,0.467807497217771
"rs3136439",NA,0.467807497217771,0.142265525666067,1,0.185437187296468,0.467807497217771
"rs1022554319",NA,0.467807497217771,0.142265525666067,1,0.185437187296468,0.467807497217771
"rs9337951",NA,0.473846541809051,0.767119801480598,0.229293098720264,0.657829340819186,0.453793151934397
"rs1374910",NA,0.474904609751077,0.995406115601159,0.256687451769545,0.596969516220541,0.680341011025595
"rs34062078",NA,0.477665884413981,0.589547744470283,0.4258865709171,0.344555446333502,0.858821252718436
"rs10946398",NA,0.482800645974838,0.761214769850283,0.3473901452935,0.33260716676115,0.825179863558071
"rs7040375",NA,0.483306534461557,0.553755786637723,0.42588657091709,0.348528918871298,0.792659114865416
"rs10965215",NA,0.484125577082051,0.362745472017342,0.287268242272502,0.950902043557012,0.23556929100457
"rs1206157973",NA,0.48946449620062,0.504350901618493,0.430065430689847,0.251543226927382,0.932543459036467
"rs1004467",NA,0.490884542813937,0.526546109612126,0.240728252377221,0.945983898240183,0.347985360332749
"rs2617176",NA,0.491981847617557,0.193851398824551,1,0.348528918871298,0.491981847617557
"rs900454647",NA,0.496843635200311,0.337343067558675,1,0.338103938159104,0.496843635200311
"rs2041043661",NA,0.496843635200311,0.337343067558675,1,0.338103938159104,0.496843635200311
"rs773814197",NA,0.496843635200311,0.337343067558675,1,0.338103938159104,0.496843635200311
"rs763697595",NA,0.496843635200311,0.337343067558675,1,0.338103938159104,0.496843635200311
"rs140454682",NA,0.496843635200311,0.337343067558675,1,0.338103938159104,0.496843635200311
"rs2065809445",NA,0.496843635200311,0.337343067558675,1,0.338103938159104,0.496843635200311
"rs143516102",NA,0.496843635200311,0.337343067558675,1,0.338103938159104,0.496843635200311
"rs782368057",NA,0.496843635200311,0.337343067558675,1,0.338103938159104,0.496843635200311
"rs150318443",NA,0.496843635200311,0.337343067558675,1,0.338103938159104,0.496843635200311
"rs10965251",NA,0.497026029382555,0.197710886872173,1,0.337343067558675,0.497026029382555
"rs1430383306",NA,0.497026029382555,0.197710886872173,1,0.337343067558675,0.497026029382555
"rs71605261",NA,0.497026029382555,0.197710886872173,1,0.337343067558675,0.497026029382555
"rs553353516",NA,0.497026029382555,0.197710886872173,1,0.337343067558675,0.497026029382555
"rs57940833",NA,0.497026029382555,0.197710886872173,1,0.337343067558675,0.497026029382555
"rs7998202",NA,0.49916170826702,0.277466749065987,0.966019076560016,0.238651141711099,0.36980007364852
"rs9982601",NA,0.50181880908395,0.241006709238875,0.715817958708343,0.272720743046421,0.277635276460923
"rs4693075",NA,0.502710290210375,0.336708681931137,0.311328061683027,0.87491216560101,0.244877262962161
"rs73021441",NA,0.505254578942512,0.894503349909272,0.256687451769545,0.714439039575662,0.61191840343343
"rs3850634",NA,0.510322172643271,0.40736048159546,0.288455584091217,0.862470567883261,0.276617250257816
"rs2237895",NA,0.511078145182969,0.254135556846676,0.555677336572178,0.513150873756731,0.27291963130405
"rs75651955",NA,0.515887735806048,0.341095283404424,0.715817958708343,0.265239304569639,0.459667596598299
"rs1839681",NA,0.519784279188376,0.749982638284374,0.4258865709171,0.400309769214993,0.94826656389026
"rs55812801",NA,0.519784279188376,0.749982638284374,0.42588657091709,0.400309769214993,0.948266563890086
"rs10832962",NA,0.522609567302689,0.33670868193113,0.811347467932549,0.260147414768432,0.568375927509351
"rs8068952",NA,0.526427485627083,0.274525632611907,0.512376471943532,0.394195918341351,0.257981769856879
"rs7167878",NA,0.53361934875951,0.330295353472221,0.360936560759576,0.829527703882495,0.262387303049129
"rs61448030",NA,0.538033981488093,0.641825663143945,0.42588657091709,0.418280069920332,0.882676710215245
"rs12814882",NA,0.539500640928605,0.691806022419645,0.4258865709171,0.423318537497664,0.958925559099118
"rs11690961",NA,0.539500640928613,0.691806022419645,0.4258865709171,0.423318537497664,0.958925559099118
"rs145778813",NA,0.546751771505257,0.519918616808969,1,0.386240722325019,0.546751771505257
"rs912627406",NA,0.546751771505257,0.519918616808955,1,0.386240722325019,0.546751771505257
"rs1410855358",NA,0.546751771505257,0.519918616808955,1,0.386240722325019,0.546751771505257
"rs10139550",NA,0.550575705026869,0.625600650104721,0.277466749065987,0.735358194854424,0.368695431809718
"rs745454365",NA,0.551670041698299,0.237201542029691,1,0.288455584091211,0.551670041698299
"rs1337738749",NA,0.557377043861839,0.483225111846667,1,0.347041637800629,0.557377043861839
"rs2464196",NA,0.560386605859929,0.288007333426515,0.846310331896698,0.415715780008075,0.418696869001566
"rs28681402",NA,0.562147590968908,0.288692115569858,0.558367164020432,0.557710911420054,0.316661416256218
"rs2231142",NA,0.563237362218746,0.972704846720285,0.311154714623936,0.639429670633885,0.689219972060768
"rs781908929",NA,0.565223198781955,0.715817958708343,1,0.4258865709171,0.565223198781955
"rs914227690",NA,0.565223198781955,0.715817958708343,1,0.4258865709171,0.565223198781955
"rs73961115",NA,0.565223198781955,0.715817958708343,1,0.4258865709171,0.565223198781955
"rs4502495",NA,0.565223198781955,0.715817958708343,1,0.42588657091709,0.565223198781955
"rs1184697025",NA,0.565223198781955,0.715817958708343,1,0.42588657091709,0.565223198781955
"rs138742363",NA,0.565223198781955,0.715817958708343,1,0.42588657091709,0.565223198781955
"rs17115104",NA,0.565223198781955,0.715817958708343,1,0.4258865709171,0.565223198781955
"rs577080780",NA,0.565223198781955,0.715817958708343,1,0.4258865709171,0.565223198781955
"rs565768506",NA,0.565223198781955,0.715817958708343,1,0.42588657091709,0.565223198781955
"rs1371366988",NA,0.565223198781955,0.715817958708343,1,0.42588657091709,0.565223198781955
"rs149585056",NA,0.565223198781955,0.715817958708343,1,0.42588657091709,0.565223198781955
"rs2032585361",NA,0.565223198781955,0.715817958708343,1,0.42588657091709,0.565223198781955
"rs17477177",NA,0.566830329482101,0.294916592795694,0.56783218071777,0.444338335103606,0.300268588753713
"rs609468",NA,0.567562559165719,0.671128145675145,0.287268242272496,0.683679951503072,0.393103290732961
"rs10965241",NA,0.573493357901131,0.293394648228744,0.652059150033757,0.363219185935614,0.304789984537383
"rs1448811",NA,0.574867025849375,0.448454937734944,0.682006548076452,0.293279537729135,0.741864192630286
"rs11556924",NA,0.577241913629359,0.39627274780387,0.801351248857671,0.295862579271915,0.576516635012696
"rs2495497",NA,0.583093717674317,0.307864751801742,0.589547744470283,0.46373016945877,0.310316644797988
"rs10903129",NA,0.584297293160914,0.862497433413797,0.371412185008021,0.35975215658471,0.674290543449225
"rs1406325433",NA,0.585275498107008,0.185437187296468,1,0.240728252377221,0.585275498107008
"rs71505697",NA,0.585275498107008,0.185437187296468,1,0.240728252377221,0.585275498107008
"rs1415893818",NA,0.585275498107008,0.185437187296468,1,0.240728252377221,0.585275498107008
"rs78677915",NA,0.58552761026621,0.66001493918957,1,0.519918616808969,0.58552761026621
"rs986238250",NA,0.58552761026621,0.660014939189546,1,0.519918616808969,0.58552761026621
"rs77396602",NA,0.58552761026621,0.660014939189546,1,0.519918616808969,0.58552761026621
"rs1689600574",NA,0.58552761026621,0.66001493918957,1,0.519918616808969,0.58552761026621
"rs2419604",NA,0.585715468101975,0.579760036933408,0.56783218071777,0.341082201984846,0.865561581177512
"rs11685151",NA,0.586345202118383,0.363219185935614,0.338103938159104,0.714439039575662,0.586345202118383
"rs4846914",NA,0.602009243928736,0.763169879805193,0.315090266338262,0.571006628485139,0.438796022664744
"rs567320333",NA,0.606566911414684,0.498444076545441,0.715817958708343,0.34455544633351,0.686707459684743
"rs1501299",NA,0.608957638659118,0.42934414850628,0.396176146212643,0.767119801480635,0.330225719630622
"rs776060837",NA,0.61076485066772,0.56783218071777,1,0.452756365155618,0.61076485066772
"rs9376090",NA,0.611315742598524,0.971494188282239,0.345770549197888,0.62699576463771,0.672757065164115
"rs1170823459",NA,0.614287817879265,0.558367164020448,1,0.483225111846667,0.614287817879265
"rs1746048",NA,0.616138852734979,0.706317284693899,0.474318625336962,0.387190848487759,0.945206574832582
"rs11810571",NA,0.616978855016945,0.411298520052549,0.423318537497664,0.676581813103124,0.335834620759376
"rs4812829",NA,0.622277665393572,0.330295353472221,0.691806022419645,0.43099911534737,0.362901436350909
"rs2479409",NA,0.623485465109497,0.336708681931137,0.586725058899081,0.594446392961393,0.3580763582944
"rs62409885",NA,0.623625439807084,0.340381674994618,0.80354141696794,0.477882610002601,0.464426550739167
"rs6565653",NA,0.630241035049954,0.890683610385145,0.345770549197888,0.709201560293549,0.615381750384548
"rs17226954",NA,0.634470497017419,0.687678587859282,1,0.56783218071777,0.634470497017419
"rs1220543216",NA,0.634470497017419,0.687678587859282,1,0.567832180717753,0.634470497017419
"rs17059668",NA,0.636790389916901,0.82895238725954,0.34455544633351,0.767119801480635,0.5784796465211
"rs7678555",NA,0.642571487021241,0.861111981426346,0.418280069920332,0.4982511677633,0.818012576033204
"rs2737253",NA,0.64360155469181,0.367366588026521,0.53738185786093,0.630315313988661,0.35671570545289
"rs7165301",NA,0.645051432912495,0.764853298601079,0.338103938159104,0.806148635957495,0.645051432912495
"rs753381",NA,0.64597261425316,0.43099911534737,0.470918940835275,0.850772026349179,0.349851412928636
"rs79839855",NA,0.648534448420367,0.360936560759576,0.603036090248764,0.470918940835263,0.359312140474028
"rs17023122",NA,0.65370196346952,0.452756365155607,0.4258865709171,0.660014939189546,0.375776692951277
"rs1601376422",NA,0.653854398144177,0.928344287115544,0.42588657091709,0.624967970750019,0.832098026879873
"rs2123332285",NA,0.653854398144177,0.928344287115544,0.42588657091709,0.624967970750019,0.832098026879873
"rs4607517",NA,0.654100930034487,0.544535013158167,0.338103938159104,0.930780150105157,0.654100930034487
"rs61941297",NA,0.657799762571831,0.660014939189546,1,0.386240722325019,0.657799762571831
"rs7412",NA,0.657799762571831,0.660014939189546,1,0.386240722325019,0.657799762571831
"rs17465637",NA,0.658122944024083,0.782870110441447,0.452756365155607,0.490763268219498,0.919223453011581
"rs1425495392",NA,0.660075369784172,0.193851398824551,1,0.288455584091211,0.660075369784172
"rs10258074",NA,0.663264223519253,0.83800559621377,0.430065430689847,0.475643074222217,0.804477476593112
"rs78049276",NA,0.665127932223395,0.36745618382034,0.824351748121282,0.39419591834136,0.399634880981064
"rs868959369",NA,0.670826945192809,0.348528918871298,1,0.418280069920332,0.670826945192809
"rs569189041",NA,0.671916892332453,0.966019076560016,1,0.715817958708343,0.671916892332453
"rs78208981",NA,0.671916892332453,0.966019076560282,1,0.715817958708343,0.671916892332453
"rs577877750",NA,0.671916892332453,0.966019076560282,1,0.715817958708343,0.671916892332453
"rs573663902",NA,0.671916892332453,0.966019076560282,1,0.715817958708343,0.671916892332453
"rs111455932",NA,0.671916892332453,0.966019076560016,1,0.715817958708343,0.671916892332453
"rs935192297",NA,0.671916892332453,0.966019076560016,1,0.715817958708343,0.671916892332453
"rs12272268",NA,0.671916892332453,0.966019076560282,1,0.715817958708343,0.671916892332453
"rs1032129602",NA,0.671916892332453,0.966019076560016,1,0.715817958708343,0.671916892332453
"rs578143428",NA,0.671916892332453,0.966019076560282,1,0.715817958708343,0.671916892332453
"rs199735708",NA,0.672491674062334,0.609509222099658,0.396951581960172,0.871167888191188,0.409264031885699
"rs55710456",NA,0.674279995457839,0.870479609511504,0.386240722325019,0.764853298601115,0.636463909590111
"rs79404250",NA,0.675967301069093,0.338103938159104,1,0.573225225798109,0.675967301069093
"rs1644577115",NA,0.675967301069093,0.338103938159104,1,0.573225225798109,0.675967301069093
"rs1646140088",NA,0.675967301069093,0.338103938159104,1,0.573225225798109,0.675967301069093
"rs1432153775",NA,0.675967301069093,0.338103938159104,1,0.573225225798109,0.675967301069093
"rs143381578",NA,0.675967301069093,0.338103938159104,1,0.573225225798109,0.675967301069093
"rs1229863129",NA,0.675967301069093,0.338103938159104,1,0.573225225798109,0.675967301069093
"rs1717012425",NA,0.675967301069093,0.338103938159104,1,0.573225225798109,0.675967301069093
"rs1465645785",NA,0.675967301069093,0.338103938159104,1,0.573225225798109,0.675967301069093
"rs149676834",NA,0.675967301069093,0.338103938159104,1,0.573225225798109,0.675967301069093
"rs775131883",NA,0.675967301069093,0.338103938159104,1,0.573225225798109,0.675967301069093
"rs1289115204",NA,0.675967301069093,0.338103938159104,1,0.573225225798109,0.675967301069093
"rs6065906",NA,0.678634370074693,0.384354393605595,0.824351748121282,0.403449498147024,0.434961862961998
"rs7593730",NA,0.679063019591503,0.390954727407482,0.65205915003378,0.480454598792664,0.380886701371372
"rs2083636",NA,0.679494567522906,0.534453901664024,0.423318537497674,0.835237720718288,0.419133023854646
"rs9897150",NA,0.685713729274416,0.142265525666067,1,0.240728252377221,0.685713729274416
"rs2244608",NA,0.685821641485991,0.389954543232916,0.803541416967896,0.547720413714492,0.499701793706289
"rs1583586486",NA,0.687380922585296,0.185437187296468,1,0.311154714623936,0.687380922585296
"rs77725825",NA,0.687380922585296,0.185437187296468,1,0.311154714623936,0.687380922585296
"rs56099348",NA,0.690951238113578,0.389954543232916,0.781268661323589,0.442264115589796,0.417933092095178
"rs4377628",NA,0.693074617472281,0.603036090248764,1,0.424390135879433,0.693074617472281
"rs1454046963",NA,0.693074617472281,0.603036090248764,1,0.424390135879433,0.693074617472281
"rs1313969233",NA,0.693074617472281,0.603036090248764,1,0.424390135879422,0.693074617472281
"rs10886471",NA,0.694354679347021,0.898132916522777,0.412549304207428,0.594446392961412,0.605124277989662
"rs141631053",NA,0.697266849066506,0.861111981426283,0.403449498147024,0.691681496418786,0.603018921586555
"rs150525648",NA,0.697266849066506,0.861111981426283,0.403449498147024,0.691681496418786,0.603018921586555
"rs1170855891",NA,0.697280020576924,0.939659733063475,0.42588657091709,0.749982638284374,0.726379469550666
"rs531213695",NA,0.697677642892769,0.396272747803879,0.824351748121282,0.43099911534737,0.41332479894056
"rs12916",NA,0.70110468109354,0.444887923317001,0.970685541416305,0.448454937734944,0.63703804680185
"rs1952748415",NA,0.70183413515635,0.596016945638457,0.42588657091709,0.809145419839697,0.480059045598282
"rs62543681",NA,0.708366086905966,0.458537782232183,0.929418470411531,0.411298520052549,0.60142624305648
"rs2290159",NA,0.710824404557539,0.480454598792664,0.512376471943518,0.661687663868926,0.419719480988254
"rs12669789",NA,0.711870275726201,0.43099911534737,0.65205915003378,0.526546109612126,0.409699429273595
"rs896854",NA,0.71686813045112,0.504018326442706,0.864398095191003,0.43463070782274,0.747300249106367
"rs1277691274",NA,0.718396268286092,0.718520757822686,0.42588657091709,0.902729605545519,0.58700033057294
"rs4454254",NA,0.721029055651345,0.846300319130201,0.421161764165972,0.661495907956897,0.571974752536085
"rs12040237",NA,0.721465215356144,0.781268661323589,1,0.603036090248764,0.721465215356144
"rs1537341",NA,0.721465215356144,0.781268661323589,1,0.603036090248783,0.721465215356144
"rs759883761",NA,0.721465215356144,0.781268661323549,1,0.603036090248764,0.721465215356144
"rs547035494",NA,0.721465215356144,0.781268661323589,1,0.603036090248764,0.721465215356144
"rs1449071521",NA,0.721465215356144,0.781268661323589,1,0.603036090248783,0.721465215356144
"rs146875601",NA,0.721465215356144,0.781268661323589,1,0.603036090248764,0.721465215356144
"rs1382695384",NA,0.721465215356144,0.781268661323589,1,0.603036090248783,0.721465215356144
"rs199785468",NA,0.723626715121889,0.801351248857671,0.42588657091709,0.891537153846578,0.622239656281619
"rs1431184474",NA,0.724489826815901,0.223835430293723,1,0.34455544633351,0.724489826815901
"rs7623687",NA,0.725349483104689,0.442264115589796,0.951349353228361,0.432527004249829,0.526707371119435
"rs769320727",NA,0.725843954581684,0.66001493918957,0.42588657091709,0.951349353228732,0.521595794131418
"rs754646897",NA,0.725843954581684,0.66001493918957,0.42588657091709,0.951349353228361,0.521595794131418
"rs143223952",NA,0.725843954581684,0.66001493918957,0.42588657091709,0.951349353228547,0.521595794131418
"rs10923931",NA,0.726913782724545,0.809145419839697,0.42588657091709,0.928344287115544,0.638139446730481
"rs880315",NA,0.727181750402901,0.444338335103617,0.945983898240016,0.513150873756731,0.596915359281408
"rs2495482",NA,0.728084774662891,0.811654816338822,0.42588657091709,0.953880903210411,0.648449924216471
"rs12122341",NA,0.728296736019712,0.945983898240183,0.573225225798109,0.718732565542189,0.728296736019712
"rs3136441",NA,0.734990018287877,0.467586060229206,0.939659733063624,0.437277082430842,0.579991727946088
"rs2131925",NA,0.739250084656351,0.546373858351132,0.811347467932549,0.437277082430842,0.755384641469242
"rs1202729370",NA,0.750321483855587,0.453853022593345,0.715817958708343,0.51938917388592,0.455086650297713
"rs4935307",NA,0.750735427913243,0.829527703882495,0.452830501269761,0.685049067674795,0.58832256816728
"rs1420066566",NA,0.752575728257052,0.237201542029691,1,0.348528918871298,0.752575728257052
"rs4935308",NA,0.754437040164723,0.759823755457827,0.452830501269761,0.752113717648602,0.547559063235972
"rs1907822",NA,0.754749246225579,0.951349353228732,1,0.781268661323589,0.754749246225579
"rs372063865",NA,0.754749246225579,0.951349353228361,1,0.781268661323589,0.754749246225579
"rs1315948110",NA,0.757853686146791,0.311154714623936,1,0.400309769214993,0.757853686146791
"rs1921401189",NA,0.757853686146791,0.311154714623936,1,0.400309769214993,0.757853686146791
"rs1001763551",NA,0.763491460691736,0.632153433211857,0.573225225798109,0.990240864604715,0.763491460691736
"rs1385386110",NA,0.764023018983809,0.240728252377221,1,0.311154714623936,0.764023018983809
"rs1292259787",NA,0.764023018983809,0.240728252377221,1,0.311154714623936,0.764023018983809
"rs12753465",NA,0.765059150421409,0.502488392295965,0.613811941981112,0.743968329238515,0.465603862440933
"rs3757354",NA,0.766615869287007,0.467586060229206,0.842651634028284,0.534453901664024,0.526498171852171
"rs73664375",NA,0.770331927848575,0.286117065190145,1,0.403449498147014,0.770331927848575
"rs3126263",NA,0.771506477422283,0.48273583035707,0.749982638284408,0.581215034638137,0.476404544799746
"rs2642438",NA,0.773016357063644,0.934413225408388,0.519918616808969,0.676581813103124,0.851027724224153
"rs1475159029",NA,0.776880739103284,0.801351248857671,1,0.660014939189593,0.776880739103284
"rs9332608",NA,0.783882576234599,0.517034160183979,0.966019076560016,0.485305816541336,0.588849658413327
"rs2277862",NA,0.793857582713001,0.736962281384535,0.512376471943532,0.934413225408388,0.613033183787506
"rs546614856",NA,0.794154488334012,0.939659733063475,1,0.801351248857671,0.794154488334012
"rs10906115",NA,0.794429484046919,0.620365019735213,0.82581645743495,0.4982511677633,0.831247306972031
"rs2929282",NA,0.796827806667354,0.423318537497664,1,0.516363388685605,0.796827806667354
"rs17192725",NA,0.796926130107018,0.661687663868949,0.715817958708343,0.555677336572178,0.785530266366846
"rs1169289",NA,0.799783310218903,0.503872432718496,0.80354141696794,0.695376590010862,0.576367574749451
"rs2191348",NA,0.805729929422139,0.671128145675145,0.53738185786093,0.978967370079004,0.537983412957509
"rs2641057",NA,0.805743637124422,0.71658423093812,0.519389173885934,0.946084745760139,0.568478105376395
"rs4245712",NA,0.817382850929368,0.546054453621866,0.949065297246667,0.6138516230998,0.688437970888718
"rs11853264",NA,0.819520974410984,0.85445117676974,0.62496797075004,0.639990294265251,0.956833001960504
"rs151042791",NA,0.820455479259997,0.498444076545441,1,0.589547744470265,0.820455479259997
"rs4304924",NA,0.821194836594344,0.81730706374069,0.661687663868949,0.557710911420037,0.937501204661438
"rs61941298",NA,0.821504591282689,0.801351248857671,1,0.519918616808969,0.821504591282689
"rs28835958",NA,0.821504591282689,0.801351248857671,1,0.519918616808955,0.821504591282689
"rs376271387",NA,0.821504591282689,0.801351248857671,1,0.519918616808955,0.821504591282689
"rs13003675",NA,0.824555694379047,0.743968329238482,0.716425429762034,0.547720413714492,0.968267415770015
"rs796170659",NA,0.829001317616915,0.448072501825456,1,0.682006548076427,0.829001317616915
"rs849134",NA,0.830182742267653,0.55247910716461,0.913776785608886,0.607934514710292,0.647294448452727
"rs7770628",NA,0.831294209478157,0.919820275719725,0.553755786637723,0.767119801480598,0.728062836274172
"rs11627184",NA,0.83750337840653,0.88676166305773,0.558367164020448,0.736962281384535,0.684038954667268
"rs2230808",NA,0.837999664781693,0.792933931907059,0.553755786637723,0.900265761498727,0.639555135064658
"rs4712523",NA,0.837999664781693,0.792933931907059,0.553755786637723,0.900265761498727,0.639555135064658
"rs6504605",NA,0.839260098421542,0.563997355254553,0.966019076560282,0.558367164020432,0.612140055333523
"rs958557984",NA,0.848494488442845,0.278581016014218,1,0.423318537497664,0.848494488442845
"rs547256161",NA,0.854423361562168,0.929418470411531,1,0.687678587859282,0.854423361562168
"rs757110",NA,0.857168774211541,0.579760036933408,0.802136101432982,0.743968329238515,0.620801244223581
"rs556512",NA,0.861030096313921,0.637189149381067,0.657829340819186,0.968265925806835,0.584519963619286
"rs7105451",NA,0.863295426762193,0.609509222099658,0.715195402961802,0.881004531714781,0.598172680929653
"rs112785200",NA,0.86756589228134,0.981971929428468,0.603036090248764,0.849301049384028,0.842747390255842
"rs17249754",NA,0.869555594957914,0.599094259606974,0.928344287115544,0.631852144351158,0.646628227838641
"rs7515577",NA,0.875152890405153,0.973732869268633,1,0.811654816338868,0.875152890405153
"rs72999063",NA,0.878051525082471,0.625336549221024,0.966019076560016,0.613811941981112,0.680039324087607
"rs1689800",NA,0.881921236576094,0.620365019735213,0.902729605545519,0.685049067674821,0.690912690401775
"rs41279633",NA,0.885337421985114,0.448072501825468,1,0.596969516220541,0.885337421985114
"rs6902664",NA,0.89089660233938,0.995406115601159,1,0.809324174369294,0.89089660233938
"rs2206815",NA,0.895602555371467,0.895533138260148,0.639990294265251,0.772321797090656,0.718270618022039
"rs4843416",NA,0.902931300793216,0.894283374465699,0.715817958708343,0.773641395127093,0.995892395536998
"rs4149056",NA,0.903670031703892,0.718520757822657,0.715817958708343,0.809324174369294,0.671081225337385
"rs4721377",NA,0.908937568628119,0.693608248399179,0.749982638284374,0.803541416967896,0.663096709556879
"rs61797794",NA,0.91184533921266,0.981971929428468,0.687678587859282,0.820073128897239,0.847423363211562
"rs10883903",NA,0.91282850642427,0.782870110441447,0.691806022419645,0.95733490711131,0.700511950684111
"rs7012127",NA,0.915213542540662,0.685049067674821,0.802046968940294,0.82895238725954,0.681588997434512
"rs2774781",NA,0.915319818845498,0.677816685043467,0.953880903210606,0.706317284693899,0.730758716254855
"rs871606",NA,0.921493758348462,0.83800559621377,0.687678587859282,0.972704846720285,0.743592629101472
"rs2287623",NA,0.92371280884063,0.691681496418786,0.846310331896698,0.81730706374069,0.716129280441858
"rs2932538",NA,0.925666784888669,0.697712298824181,0.951349353228361,0.707886281780336,0.732867677569023
"rs4731702",NA,0.935249699511541,0.890683610385145,0.714439039575633,0.890683610385145,0.778219750712275
"rs340874",NA,0.935662611398183,0.922200202829264,0.717525186097593,0.82895238725954,0.788545601437126
"rs10127775",NA,0.950286586207031,0.846300319130201,0.878441079407636,0.749462406071884,0.972249663039726
"rs5215",NA,0.951458832989961,0.971494188282556,0.764853298601079,0.829527703882495,0.854294483286974
"rs201631195",NA,0.951555989811453,0.902729605545427,0.824351748121282,0.811347467932549,0.985116485244515
"rs2359171",NA,0.954175127708747,0.759823755457827,0.966019076560016,0.767119801480635,0.773526057945358
"rs1107852",NA,0.954876429345825,0.829527703882495,0.902729605545519,0.761214769850247,0.933903187538217
"rs12523888",NA,0.963393229621636,0.978967370078574,0.801351248857671,0.874912165600939,0.935228903005244
"rs442177",NA,0.968379482158793,0.874912165600939,0.809324174369294,0.978967370078574,0.814145319242554
"rs3802177",NA,0.970034470490821,0.890683610385145,0.809145419839697,0.99627586795704,0.834230965828273
"rs10459658",NA,0.971162250264242,0.909123722546855,0.809324174369294,0.946084745759971,0.841258502839594
"rs10028326",NA,0.978809274928377,0.919389325450082,0.894503349909357,0.840078026997853,0.995130731647408
"rs4643373",NA,0.979317945198364,0.83800559621377,0.939659733063475,0.862497433413797,0.850559873111185
"rs6129648",NA,0.984706736444252,0.961163370630238,0.894503349909442,0.874912165600939,0.969762358149903
"rs2071519",NA,0.988578456379722,0.881004531714856,0.951349353228361,0.900265761498817,0.88204019347181
"rs6015450",NA,1,0.871203619607544,1,0.920033232130733,1
"rs1801282",NA,1,0.661687663868926,1,0.825816457434899,1
"rs752686500",NA,1,0.400309769214993,1,0.512376471943532,1
"rs17608766",NA,1,0.589547744470283,1,0.691806022419645,1
"rs3824004",NA,1,0.65205915003378,1,0.824351748121282,1
"rs1667725868",NA,1,0.824351748121282,1,0.966019076560282,1
"rs11617955",NA,1,0.871203619607544,1,0.920033232130733,1
"rs2092676223",NA,1,0.749982638284374,1,0.891537153846578,1
"rs1036707382",NA,1,0.512376471943532,1,0.652059150033757,1
"rs115140649",NA,1,0.512376471943532,1,0.65205915003378,1
"rs1464989880",NA,1,0.65205915003378,1,0.824351748121282,1
"rs188869743",NA,1,1,1,1,1
"rs150392233",NA,1,0.749982638284374,1,0.951349353228547,1
"rs115736158",NA,1,0.516363388685605,1,0.62496797075004,1
"rs1251112554",NA,1,0.928344287115544,1,0.939659733063325,1
"rs28362285",NA,1,0.891537153846578,1,0.951349353228361,1
"rs370146059",NA,1,0.573225225798109,1,1,1
"rs1668757811",NA,1,0.805000553642876,1,0.928344287115544,1
"rs112841355",NA,1,0.749982638284374,1,0.891537153846578,1
"rs117532844",NA,1,1,1,1,1
"rs80292839",NA,1,0.824351748121282,1,0.966019076560016,1
"rs1042259261",NA,1,1,1,1,1
"rs376338351",NA,1,1,1,1,1
"rs10035651",NA,1,0.824351748121282,1,0.966019076560016,1
"rs143112221",NA,1,0.824351748121282,1,0.966019076560282,1
"rs757294838",NA,1,0.512376471943532,1,0.65205915003378,1
"rs778925149",NA,1,0.512376471943532,1,0.65205915003378,1
"rs1765115782",NA,1,0.824351748121282,1,0.966019076560282,1
"rs12045953",NA,1,0.400309769214993,1,0.512376471943532,1
"rs148693348",NA,1,1,1,1,1
"rs577143273",NA,1,0.400309769214993,1,0.512376471943532,1
"rs187685147",NA,1,1,1,1,1
"rs2132117436",NA,1,0.652059150033757,1,0.824351748121282,1
"rs1279756910",NA,1,0.824351748121282,1,0.966019076560282,1
"rs1952748333",NA,1,1,1,1,1
"rs745340860",NA,1,0.652059150033757,1,0.824351748121282,1
"rs1051554015",NA,1,0.573225225798109,1,1,1
"rs143804755",NA,1,0.824351748121282,1,0.966019076560016,1
"rs147480182",NA,1,0.512376471943532,1,0.652059150033757,1
"rs145221438",NA,1,0.824351748121282,1,0.966019076560282,1
"rs1405033118",NA,1,1,1,1,1
"rs138143460",NA,1,0.824351748121282,1,0.966019076560016,1
"rs796776036",NA,1,0.51893477549014,1,0.773641395127093,1
"rs755420865",NA,1,0.891537153846578,1,0.951349353228732,1
"rs149500930",NA,1,1,1,1,1
"rs531675656",NA,1,0.573225225798109,1,1,1
"rs975186065",NA,1,0.691806022419618,1,0.805000553642876,1
"rs1574524164",NA,1,0.691806022419645,1,0.928344287115544,1
"rs372434132",NA,1,1,1,1,1
"rs924271976",NA,1,1,1,1,1
"rs78594665",NA,1,0.652059150033757,1,0.824351748121282,1
"rs138236240",NA,1,0.400309769214993,1,0.512376471943532,1
"rs201681868",NA,1,0.652059150033757,1,0.824351748121282,1
"rs1963237530",NA,1,0.65205915003378,1,0.824351748121282,1
"rs78661779",NA,1,0.573225225798109,1,1,1
"rs189128123",NA,1,1,1,1,1
"rs1467159340",NA,1,0.573225225798109,1,1,1
"rs994435127",NA,1,1,1,1,1
"rs113851791",NA,1,1,1,1,1
"rs750669867",NA,1,0.516363388685605,1,0.62496797075004,1
"rs199668131",NA,1,0.573225225798109,1,1,1
"rs888795794",NA,1,0.573225225798109,1,1,1
"rs200146293",NA,1,1,1,1,1
"rs142222106",NA,1,1,1,1,1
"rs995136013",NA,1,0.652059150033757,1,0.824351748121282,1
"rs1253128690",NA,1,0.959850359799367,1,0.878441079407636,1
"rs568510624",NA,1,1,1,1,1
"rs1347059790",NA,1,0.652059150033757,1,0.824351748121282,1
"rs543533075",NA,1,1,1,1,1
"rs1407077677",NA,1,0.400309769215002,1,0.512376471943532,1
"rs1979923015",NA,1,0.573225225798109,1,1,1
"rs1467030061",NA,1,0.512376471943532,1,0.652059150033757,1
"rs1281737986",NA,1,0.652059150033757,1,0.824351748121282,1
"rs13116076",NA,1,0.573225225798109,1,1,1
"rs866597555",NA,1,0.400309769214993,1,0.512376471943532,1
"rs1855645070",NA,1,1,1,1,1
"rs1468616012",NA,1,0.65205915003378,1,0.824351748121282,1
"rs1764605210",NA,1,1,1,1,1
"rs1418456391",NA,1,0.400309769214993,1,0.512376471943532,1
"rs2101818881",NA,1,1,1,1,1
"rs12290248",NA,1,0.573225225798109,1,1,1
"rs901662475",NA,1,0.498444076545441,1,0.805000553642876,1
"rs28931578",NA,1,0.573225225798109,1,1,1
"rs1047818807",NA,1,0.573225225798109,1,1,1
"rs1208079310",NA,1,0.62496797075004,1,0.749982638284408,1
"rs941463950",NA,1,1,1,1,1
"rs141792578",NA,1,0.573225225798109,1,1,1
"rs35161294",NA,1,1,1,1,1
"rs61568917",NA,1,1,1,1,1
"rs2149227518",NA,1,0.512376471943518,1,0.652059150033757,1
"rs78204256",NA,1,1,1,1,1
"rs867670110",NA,1,1,1,1,1
"rs1434732371",NA,1,0.400309769214993,1,0.512376471943532,1
"rs182638096",NA,1,0.824351748121282,1,0.966019076560016,1
"rs145377570",NA,1,1,1,1,1
"rs1385837420",NA,1,0.400309769214993,1,0.512376471943532,1
"rs183733187",NA,1,0.573225225798109,1,1,1
