chr,pos,rs
1,4187033,rs4654421
1,8035251,rs1243724261
1,8035252,rs225130
1,8035426,rs225131
1,8035440,rs225132
1,10736809,rs880315
1,11802721,rs17367504
1,15981784,rs547619487
1,15981829,rs181181100
1,15981881,rs2072976031
1,15981913,rs34475848
1,15981917,rs2024758
1,15981952,rs848309
1,15982014,rs1231304878
1,25442446,rs10903129
1,25449097,rs2043041593
1,25449190,rs999315295
1,25449191,rs12027110
1,25449242,rs12027135
1,34633906,rs12073126
1,37990100,rs980393250
1,37990137,rs1399723921
1,37990219,rs4360494
1,38427072,rs142454956
1,38428853,rs10218522
1,39562508,rs4660293
1,39562518,rs973493351
1,39562564,rs535537961
1,43087435,rs1332012140
1,48210859,rs1034827376
1,48210866,rs112984556
1,48210909,rs189834291
1,48212769,rs6684930
1,53426189,rs150262817
1,53426222,rs138899409
1,53426223,rs148969417
1,54759078,rs11577368
1,54759100,rs116816976
1,54759141,rs1646140088
1,54759142,rs1366026976
1,54980991,rs2253467
1,54980998,rs2253466
1,54981024,rs2253465
1,55024499,rs541518287
1,55024503,rs12046679
1,55030322,rs2495497
1,55030366,rs11206510
1,55030458,rs17192725
1,55030503,rs17111490
1,55038913,rs41294819
1,55038977,rs2479409
1,55039024,rs1644577115
1,55039069,rs1644577396
1,55039070,rs1392890383
1,55039922,rs866597555
1,55039974,rs11591147
1,55039995,rs11583680
1,55040059,rs2495482
1,55043816,rs367785668
1,55043922,rs766999045
1,55043925,rs376385276
1,55043933,rs564681731
1,55043951,rs2100267180
1,55044013,rs749928920
1,55063374,rs28362285
1,55063514,rs505151
1,55155767,rs972999392
1,55492210,rs61774698
1,55492389,rs77627215
1,55492396,rs1221617793
1,55492399,rs765281913
1,55492401,rs376476526
1,55492408,rs1013945145
1,55492430,rs396511
1,55492433,rs1740126
1,55524248,rs12566041
1,55524250,rs356082
1,55524293,rs753214
1,55902382,rs1029820603
1,55902387,rs549058863
1,56111252,rs112557609
1,56111320,rs113651961
1,56310895,rs1422916233
1,56310985,rs118129783
1,56310992,rs536038618
1,56311131,rs75018656
1,56311143,rs61772686
1,56497149,rs17114036
1,56497193,rs565426761
1,56499857,rs542923041
1,56499948,rs188929503
1,56499992,rs9970807
1,56550301,rs141980969
1,56550320,rs61772627
1,56550459,rs56170783
1,56550498,rs1351244098
1,59187958,rs3850543
1,59187989,rs2041043661
1,59188070,rs3889199
1,62560234,rs1265053291
1,62560271,rs2131925
1,62560340,rs2131926
1,62560359,rs573111826
1,62562527,rs12749263
1,62584927,rs3850634
1,64351935,rs551472799
1,70592056,rs61776730
1,72983613,rs190249849
1,72989738,rs183913978
1,72991542,rs1016577138
1,79490461,rs191533992
1,79490506,rs146387099
1,79490520,rs12040237
1,79640594,rs4449982
1,79642510,rs61766436
1,82069470,rs1313969233
1,82069489,rs6673659
1,82069496,rs1035696557
1,82069504,rs1434392557
1,82358716,rs141640271
1,82957263,rs138384430
1,92543744,rs1665218570
1,92543756,rs11804321
1,92543881,rs7515577
1,99513334,rs1389293503
1,99513385,rs1253128690
1,99513386,rs1337738749
1,99513390,rs1195437265
1,99513404,rs1490455151
1,99513406,rs1266717066
1,99513418,rs1170823459
1,99513441,rs1166977493
1,99513452,rs531213695
1,99513463,rs1445836979
1,99513479,rs530600600
1,104382090,rs56801029
1,109275600,rs200903111
1,109275641,rs658437
1,109275648,rs658435
1,109275684,rs629301
1,109275768,rs144562537
1,109275834,rs1262627103
1,109275894,rs1458170056
1,109275908,rs646776
1,109275909,rs151225273
1,109278889,rs602633
1,111849686,rs866481157
1,111849738,rs12044963
1,111849812,rs1667725868
1,112673921,rs2932538
1,115112954,rs957131206
1,115112963,rs989824548
1,115113033,rs12753465
1,115113069,rs12122341
1,115113241,rs72628779
1,119975079,rs17258606
1,119975336,rs10923931
1,151789692,rs1385386110
1,151789711,rs150392233
1,151789716,rs774183557
1,151789832,rs11810571
1,151789835,rs369005664
1,151789848,rs978308251
1,154423363,rs6684439
1,154423375,rs1688798896
1,154423470,rs6689306
1,154424774,rs147373662
1,154424830,rs572792897
1,154424882,rs2149227518
1,154841721,rs12740456
1,154841724,rs149343393
1,154841792,rs6666258
1,154841877,rs13376333
1,154841949,rs1218571
1,154841960,rs551092261
1,154841986,rs78204256
1,158615440,rs2518491
1,158615565,rs2852634
1,158615625,rs2779116
1,169540880,rs9332608
1,169541533,rs2101818881
1,170368071,rs1175487821
1,170368080,rs543567999
1,170368153,rs1212317662
1,170368156,rs1214204747
1,170368215,rs4656762
1,170653968,rs588837
1,170654055,rs12408905
1,170654067,rs1175685010
1,182112825,rs10911021
1,182199685,rs1667610403
1,182199750,rs1689800
1,183617368,rs59977254
1,185950290,rs1486955201
1,185950308,rs1189223656
1,185950377,rs995136013
1,187767448,rs148071335
1,187767481,rs141792578
1,187767517,rs183733187
1,198038465,rs4542241
1,198038478,rs192146468
1,198038540,rs4382751
1,198038554,rs4335401
1,198038600,rs139892529
1,198038612,rs1368690979
1,198038631,rs12406961
1,203052780,rs1253259519
1,203052799,rs1430383306
1,203052895,rs4245712
1,203053007,rs80041427
1,213985913,rs340874
1,215413813,rs200171997
1,216011776,rs149597533
1,220796582,rs6671579
1,220796610,rs1048063134
1,220796686,rs2642438
1,220796728,rs144056103
1,220796753,rs17850677
1,220800156,rs12045953
1,220800192,rs202032020
1,220800193,rs11307933
1,220800195,rs10627817
1,220800221,rs2642442
1,220800305,rs1672752516
1,221976904,rs202146670
1,222650078,rs1057430645
1,222650187,rs17465637
1,222650324,rs1402309569
1,222650401,rs67180937
1,228948188,rs4654680
1,228948223,rs544833
1,228950015,rs4308951
1,228950016,rs61826992
1,228950021,rs58389523
1,229178152,rs59508946
1,229178168,rs1172255688
1,229178185,rs867151545
1,230159823,rs892657932
1,230159853,rs943402214
1,230159944,rs4846914
1,230159985,rs192791389
1,230160042,rs10127775
1,230710048,rs699
1,230710141,rs145882750
1,230710231,rs4762
1,232120152,rs12735311
1,232121874,rs2776620
1,232121936,rs12732322
1,232121960,rs12566774
1,232121963,rs2776621
1,232121979,rs2807569
1,232233000,rs12078731
1,233687214,rs528343
1,234717521,rs557933
1,234717659,rs558971
1,234717661,rs1238921470
1,234717669,rs752140016
1,234722786,rs1203244167
1,234722823,rs4920191
1,234722850,rs514230
1,241438036,rs569064217
1,247127721,rs191145534
1,248338203,rs28861772
1,248338311,rs543533075
1,248338322,rs146294585
2,3819588,rs34392387
2,7874611,rs568284331
2,7874653,rs11690552
2,12628401,rs61379095
2,12628481,rs74579182
2,12630223,rs11685151
2,12630332,rs952555674
2,12630340,rs1271649298
2,12630357,rs200464398
2,13165944,rs11693291
2,16793851,rs901662475
2,16795698,rs987529171
2,20171806,rs1107852
2,20171852,rs1107851
2,20171878,rs1245902108
2,20171952,rs1022554319
2,20171953,rs1292259787
2,20171974,rs1431184474
2,20648327,rs73239105
2,20648367,rs1277450118
2,20648374,rs569189041
2,20648392,rs900454647
2,20648432,rs75352129
2,20648522,rs1695586842
2,20648542,rs1267175270
2,20681946,rs958717465
2,20682080,rs2289081
2,20682180,rs765321803
2,20682194,rs138797913
2,27507883,rs148684429
2,27507950,rs8179219
2,27508006,rs766023543
2,27508057,rs768318156
2,27508058,rs1255687988
2,27508073,rs1260326
2,27518370,rs780094
2,34699059,rs4670397
2,34802935,rs572281216
2,35438768,rs4408704
2,35438851,rs1044336534
2,35440859,rs1019886339
2,35440876,rs34416005
2,36602744,rs143285185
2,36602843,rs1252500096
2,36602856,rs1669422186
2,37382692,rs1558612947
2,43505684,rs7578597
2,43505807,rs1689600574
2,43505819,rs3764769
2,43845395,rs2104911630
2,43845405,rs1417936459
2,43845409,rs1019142481
2,43845437,rs4299376
2,43846742,rs6544713
2,43846833,rs546110598
2,43846837,rs1668757811
2,43846845,rs1213001071
2,43846846,rs1668757987
2,43846861,rs4953023
2,44020771,rs78661779
2,44020807,rs55935092
2,45036385,rs1668319576
2,46136197,rs11690961
2,47587233,rs189633819
2,52023848,rs10048788
2,52023867,rs10048732
2,53555176,rs117425748
2,53555282,rs1358872359
2,53555319,rs1668046198
2,53555365,rs1668046611
2,53555383,rs13421162
2,53555394,rs71413238
2,53555422,rs13407662
2,53555442,rs1360743257
2,54509314,rs910147291
2,54509363,rs895520080
2,54509364,rs1669736085
2,57194853,rs62159337
2,57194871,rs180682538
2,57196702,rs1421292923
2,57196710,rs1021115907
2,57196736,rs1374868970
2,57230793,rs140355017
2,58115426,rs201812112
2,58115427,rs199961577
2,58115444,rs146303969
2,60357684,rs243021
2,60357703,rs577080780
2,60421367,rs1472313468
2,62643928,rs2032571249
2,62644049,rs6545968
2,62644090,rs11125936
2,62644108,rs143112221
2,62644149,rs2032583875
2,62644168,rs1386399
2,62644184,rs62177680
2,62644195,rs1024825666
2,62644198,rs2032585361
2,62644204,rs535839094
2,64077132,rs148248054
2,65049178,rs1009359
2,65049318,rs1009358
2,65049482,rs535609443
2,66247777,rs1196778065
2,75215649,rs13009222
2,75215660,rs957948946
2,75215673,rs1180935913
2,75215680,rs13009420
2,75215708,rs11899169
2,75215725,rs13009811
2,77090226,rs140163224
2,77092053,rs1328022726
2,77092144,rs572142693
2,77092155,rs11126585
2,77660473,rs62163273
2,77968914,rs1012767843
2,78763590,rs61499729
2,79053313,rs148509369
2,79053346,rs635508
2,79055087,rs1672004855
2,79055090,rs149660150
2,79055228,rs62156806
2,79055238,rs532740
2,79213777,rs143032678
2,79213795,rs147480182
2,79213796,rs10170099
2,80878214,rs1678263468
2,85534858,rs917996174
2,85534899,rs1272054777
2,85534925,rs10176176
2,85534990,rs184195691
2,85535021,rs1279756910
2,85561017,rs1254898
2,85561052,rs7568458
2,85561089,rs199714103
2,116186240,rs982142611
2,117282529,rs6729380
2,135080336,rs7570971
2,140429900,rs70985099
2,144528992,rs17678683
2,144529043,rs1705372293
2,150114535,rs200656820
2,150116531,rs913668538
2,154587105,rs575168454
2,154869296,rs2937603
2,154871039,rs2971914
2,154871156,rs375876160
2,160314881,rs1418081997
2,160314943,rs7593730
2,160315008,rs12476401
2,164297757,rs1005729789
2,164299588,rs1403294655
2,164299610,rs138055455
2,164462882,rs494955
2,164462891,rs201413683
2,164462894,rs618965
2,165714245,rs1038867534
2,168973541,rs2389605
2,168973645,rs2287623
2,168973818,rs2287622
2,170979331,rs1473743803
2,179055482,rs1399496961
2,179055496,rs62176030
2,187672393,rs4666742
2,187672400,rs1574594419
2,187672440,rs150028181
2,187672530,rs189966031
2,187672537,rs182142302
2,187674278,rs111714051
2,192134176,rs368669613
2,192134195,rs372713416
2,192134221,rs531675656
2,192509429,rs974114589
2,192509430,rs1252285235
2,192511239,rs148550072
2,199183052,rs1691120585
2,199248765,rs200177822
2,199250600,rs12615027
2,199250609,rs554540535
2,199250699,rs12621439
2,199250759,rs12615048
2,202881162,rs6725887
2,202966442,rs138226501
2,202966489,rs114123510
2,202966529,rs74421437
2,202966563,rs1300189548
2,207021399,rs7566751
2,207021433,rs4471873
2,207021450,rs7605972
2,208217783,rs369884653
2,208901210,rs572129289
2,208903023,rs113196101
2,209081871,rs190726431
2,209302860,rs112631318
2,209302914,rs1405033118
2,209302963,rs12619417
2,209303001,rs1690203025
2,209303042,rs1055750432
2,215093699,rs11682556
2,215093723,rs142174671
2,215435655,rs1247803685
2,215435759,rs1250259
2,215439661,rs1250229
2,215439722,rs941839851
2,215926115,rs10932637
2,215926128,rs10932638
2,215926132,rs10932639
2,215926173,rs12012346
2,217760477,rs564293416
2,218176004,rs1356319217
2,223191515,rs190979669
2,223191565,rs10210156
2,223193625,rs182638096
2,223193630,rs185131048
2,223193706,rs11676217
2,224089702,rs1267667377
2,224091616,rs560790847
2,224091639,rs529260636
2,226155778,rs1522802
2,226155805,rs1522803
2,226155937,rs7578326
2,226155953,rs1691990613
2,226228869,rs2943640
2,226228905,rs115734262
2,226228907,rs116755303
2,226228961,rs1019848252
2,226229029,rs2943641
2,226229136,rs1574524164
2,226235982,rs2972146
2,232719231,rs76959779
2,232719399,rs13003675
2,232719458,rs1696843808
2,237610634,rs151254332
2,237610731,rs34833170
2,240591660,rs888795794
2,240591700,rs41266971
2,240591746,rs2975760
2,240591757,rs3792267
2,240591856,rs2125459843
2,240603286,rs5030952
2,240603305,rs6437351
2,240603384,rs75659535
2,240603389,rs6437352
3,1243566,rs376959802
3,1243586,rs373812225
3,1243588,rs377385562
3,1243589,rs370462421
3,1243593,rs376040020
3,6401392,rs6779295
3,6401440,rs282828
3,12226004,rs7638232
3,12226119,rs115226000
3,12226148,rs7616006
3,12226280,rs7650082
3,12248301,rs13081389
3,12351626,rs1801282
3,12434058,rs3856806
3,12587421,rs2290159
3,12587485,rs1007247819
3,20969471,rs1846068
3,21353731,rs373642425
3,23156889,rs564787487
3,23156943,rs73044305
3,23156993,rs6780569
3,23157058,rs150932098
3,23294918,rs994283911
3,23294959,rs7612463
3,26164238,rs59204792
3,27496418,rs13082711
3,27496450,rs148350420
3,27551891,rs59850669
3,27551937,rs61048656
3,27551988,rs60181072
3,32463321,rs342751
3,36675129,rs55784771
3,38078243,rs56118803
3,39579706,rs529499749
3,39579754,rs1010050476
3,41835922,rs3774372
3,46248293,rs1700236795
3,46250130,rs1404006929
3,49411049,rs4855878
3,49411094,rs4855877
3,49411133,rs7623687
3,49411187,rs4855876
3,49411226,rs4855875
3,54636472,rs188869743
3,57307581,rs550944
3,58434691,rs9859048
3,58434696,rs57698587
3,64726228,rs4607103
3,70438612,rs4974289
3,78325778,rs62254642
3,78325904,rs1314989097
3,78327517,rs148693348
3,78327573,rs151042791
3,78327574,rs184309690
3,78327635,rs964854972
3,78585053,rs55809426
3,78585166,rs931565382
3,84191681,rs988914062
3,87573486,rs112026272
3,90084849,rs765596632
3,90084869,rs191195275
3,90084884,rs1449071521
3,90084905,rs1262104531
3,97276739,rs113276839
3,106926527,rs1712522
3,112419486,rs1277691274
3,112419496,rs1319739696
3,112419497,rs1663448360
3,112419509,rs1461233836
3,112419510,rs1486832059
3,112419513,rs1191414313
3,112419537,rs13066422
3,115797363,rs561656645
3,116107273,rs117918293
3,116109050,rs1708536260
3,123346931,rs11708067
3,124756300,rs1315040909
3,124756310,rs13063216
3,124756334,rs13063409
3,124756350,rs13063252
3,124756354,rs62265630
3,128831131,rs71331612
3,128832957,rs4927894
3,128963374,rs144520851
3,128963452,rs11706008
3,136207660,rs1324201331
3,136207780,rs645040
3,136207814,rs3872588
3,138403280,rs9818870
3,138403340,rs138831648
3,138403344,rs1051554015
3,141080371,rs16851055
3,141080407,rs1544904
3,145554961,rs148541957
3,145714108,rs149433448
3,145714109,rs144814969
3,145714217,rs1039575873
3,146363918,rs2037779711
3,146363982,rs59629184
3,146364011,rs892212034
3,146366025,rs112853183
3,148742097,rs5183
3,148742201,rs5186
3,152713514,rs13088123
3,153230454,rs1304432950
3,161938976,rs1727923446
3,162157948,rs71625425
3,162157949,rs1715623591
3,163911439,rs1721705350
3,163911482,rs11706738
3,167433155,rs184201278
3,167433162,rs71304627
3,167435190,rs13072765
3,169382967,rs223102
3,169383098,rs419076
3,169383111,rs448378
3,176065294,rs545866911
3,176065318,rs1717892572
3,176065322,rs957866622
3,176065341,rs60973961
3,177667743,rs111366007
3,177669633,rs562250439
3,178209439,rs750147436
3,178211441,rs62282667
3,178211453,rs372168398
3,178211480,rs62282668
3,178211505,rs62282669
3,178211506,rs62282670
3,178211584,rs758317874
3,179518816,rs9851401
3,179520551,rs1717012425
3,179520555,rs35099339
3,179520640,rs13076146
3,179520701,rs4339109
3,182611575,rs1840955
3,185378230,rs145300636
3,185790803,rs11927381
3,185793899,rs4402960
3,185811292,rs1470579
3,185811302,rs16860244
3,185811386,rs1470580
3,185811423,rs1739805808
3,185812389,rs138960826
3,185812391,rs926433404
3,185812502,rs6769511
3,185812534,rs9837654
3,185812590,rs558966660
3,185812628,rs1380739660
3,185812648,rs1740056762
3,185813873,rs1374910
3,185813909,rs4686698
3,185827902,rs6444083
3,185828113,rs80334505
3,186852957,rs17846866
3,186853009,rs780572021
3,186853021,rs201681868
3,186853039,rs199668131
3,186853049,rs111455932
3,186853079,rs547607723
3,186853100,rs138678413
3,186853103,rs2241766
3,186853171,rs144448520
3,186853174,rs763697595
3,186853222,rs143606172
3,186853237,rs1711854847
3,186853334,rs1501299
3,186853407,rs2241767
3,186853459,rs1303267146
3,187177570,rs200063001
3,190146498,rs1197528813
3,190922040,rs544776492
3,191668180,rs527644599
3,191668231,rs4687246
3,191668291,rs574746472
3,191897292,rs113267287
4,2904980,rs4961
4,2905037,rs1736820217
4,2905043,rs372063865
4,2905073,rs760253931
4,2905108,rs1468616012
4,3433052,rs1287211841
4,3433084,rs547035494
4,3433102,rs1391020513
4,3433112,rs1724481817
4,3433158,rs6818397
4,3433204,rs16844345
4,4001965,rs894112350
4,4003991,rs1715851131
4,4004000,rs1174836874
4,4004036,rs185761813
4,6288216,rs5855906
4,6291091,rs5018648
4,6291106,rs71539642
4,6291182,rs9998519
4,6291188,rs10010131
4,6291218,rs115346085
4,6291240,rs71537675
4,6291246,rs151277039
4,6291313,rs41264699
4,6301162,rs1801208
4,6301193,rs528360584
4,6301215,rs773814197
4,6301219,rs769320727
4,6301265,rs146027767
4,6301295,rs1801214
4,6301402,rs1553878625
4,9045235,rs193180744
4,9045239,rs184679278
4,9045271,rs142349166
4,9096101,rs145203177
4,9096186,rs557596858
4,9106474,rs150318443
4,9106477,rs34360029
4,9106486,rs149462211
4,9640715,rs370706867
4,9640746,rs62409884
4,9640837,rs112785200
4,9640846,rs145285251
4,9640865,rs62409885
4,9640867,rs200841974
4,9640891,rs1353607002
4,10574847,rs112624861
4,10574869,rs111757661
4,10574873,rs183004157
4,11657573,rs13128416
4,11657577,rs13151542
4,11657586,rs13101551
4,11809921,rs62298080
4,11809959,rs1183067013
4,11810027,rs545717347
4,11810050,rs528515796
4,14172346,rs186685118
4,14172494,rs201972468
4,14172542,rs2108911810
4,17001344,rs13134086
4,17001383,rs13110439
4,17001523,rs34363340
4,20632201,rs572173007
4,20632202,rs540809750
4,20632207,rs371544623
4,20632264,rs144639100
4,23723892,rs35943938
4,23723937,rs1170855891
4,23723942,rs547990024
4,23723954,rs61797791
4,23723956,rs1272591463
4,23723959,rs61797792
4,23723985,rs201379663
4,23723989,rs61797793
4,23723992,rs61797794
4,23724000,rs1425495392
4,23724017,rs1395059147
4,24325113,rs61793462
4,24325185,rs369663574
4,24504680,rs9761890
4,24504719,rs1720563032
4,24621427,rs539747562
4,28281671,rs11726308
4,53933078,rs871606
4,53933163,rs1740206386
4,53933170,rs1740206480
4,53933178,rs377165496
4,56972813,rs1721830713
4,56972833,rs2412772
4,56972885,rs72627509
4,61768120,rs367604498
4,78715827,rs28888538
4,78717627,rs543605671
4,78717727,rs1725978607
4,79555887,rs1168527838
4,79555901,rs1325703043
4,79555905,rs1443693663
4,79555924,rs1272257773
4,79555932,rs11098747
4,79555949,rs62299627
4,80243374,rs72658308
4,80243516,rs1043815033
4,80243561,rs1719650087
4,80243569,rs1458038
4,80243634,rs148504559
4,80243678,rs72658309
4,80259822,rs920744083
4,80259883,rs947103876
4,80259891,rs7654755
4,80259910,rs60620023
4,80259917,rs545064192
4,80259918,rs10857147
4,83271015,rs4693075
4,87109109,rs442177
4,88131084,rs758130287
4,88131171,rs2231142
4,88131233,rs1435437604
4,89966667,rs868212557
4,89966727,rs1042259261
4,89968553,rs961655583
4,92440935,rs28877577
4,92440936,rs62312199
4,94086507,rs7437100
4,94086636,rs6419131
4,94086718,rs914865608
4,94295197,rs1306419805
4,94385420,rs904337545
4,94385421,rs558109164
4,94385465,rs112687586
4,102267552,rs13107325
4,102267630,rs528395987
4,103555692,rs1009728512
4,103555762,rs441231
4,103555763,rs75412489
4,103945028,rs141425651
4,103945117,rs150815242
4,110399027,rs1963560
4,110399200,rs1050165369
4,110399312,rs2129570
4,110399379,rs1963559
4,110574086,rs10028326
4,110574087,rs75651955
4,110574250,rs1388854650
4,110574253,rs1016612654
4,110574266,rs114057251
4,110574287,rs1984861
4,110589415,rs1470618
4,110589475,rs1448811
4,110717326,rs80141833
4,110756645,rs1578514053
4,110756706,rs112112004
4,110756775,rs1731701696
4,110787131,rs17042171
4,110788886,rs2200732
4,110789013,rs2200733
4,110789076,rs1732267610
4,110791469,rs1906598
4,110791530,rs1906599
4,110791614,rs1732311751
4,110850800,rs866901723
4,110850907,rs28681402
4,110927205,rs1001763551
4,117255863,rs763108202
4,117255866,rs186733697
4,117602113,rs1012312954
4,119988288,rs1458216253
4,119988319,rs190775630
4,119988346,rs7678555
4,119988351,rs56721976
4,119988430,rs1415129447
4,119988439,rs7678743
4,119995816,rs185191614
4,125563543,rs1226280878
4,125563585,rs12501993
4,125563655,rs189843219
4,125565412,rs12639740
4,125565424,rs58202309
4,126147059,rs1728349314
4,126147069,rs4359916
4,127515295,rs192623150
4,130769201,rs114280982
4,130769276,rs189587693
4,130771285,rs1728742599
4,130771349,rs138405206
4,130771350,rs186127481
4,130771351,rs139964450
4,130771382,rs529115184
4,132121941,rs184102773
4,132121942,rs186648059
4,132121969,rs540523594
4,132122013,rs965880628
4,133265453,rs13116076
4,133267487,rs112927868
4,134015789,rs2088121
4,134015809,rs34660032
4,134015874,rs1730863246
4,134015905,rs62318225
4,134015936,rs147444423
4,138931625,rs71628786
4,138931640,rs577269957
4,138931645,rs372641305
4,138931646,rs11934626
4,138931679,rs71628787
4,147359722,rs17023122
4,147359849,rs4593108
4,147360003,rs1258970894
4,147479973,rs1444747712
4,147480038,rs6841581
4,147506231,rs1191908581
4,147506351,rs78049276
4,147506478,rs1729720716
4,151814360,rs530049926
4,152743237,rs147978390
4,152743294,rs13136788
4,154920792,rs62325283
4,155717244,rs780037516
4,155717349,rs561957435
4,155717421,rs2306556
4,155717481,rs111686654
4,155718603,rs1733566455
4,155718614,rs1201202841
4,155718694,rs12643599
4,155718736,rs72689147
4,155718777,rs115736158
4,155724260,rs71605261
4,155724361,rs13139571
4,155724478,rs13139616
4,155724479,rs13139808
4,156602170,rs12503272
4,156604045,rs999769862
4,162711003,rs58074077
4,163094991,rs373008964
4,163095042,rs28863797
4,163095059,rs369192098
4,163096756,rs188018124
4,163096764,rs141048200
4,163096765,rs549656710
4,163096850,rs4643768
4,163793856,rs113001646
4,163793863,rs981346397
4,166522435,rs150955946
4,166524446,rs1248747848
4,166524494,rs35328284
4,166524511,rs12504931
4,166524514,rs188445770
4,166524556,rs112736142
4,166720099,rs28773511
4,166720102,rs28849732
4,167437844,rs990254071
4,167437926,rs57140773
4,168795997,rs1566497
4,169943963,rs11725846
4,171988072,rs11724018
4,172415741,rs11132943
4,172958109,rs10014915
4,173526944,rs535075696
4,173526991,rs145372456
4,173527069,rs752606032
4,173663512,rs17059668
4,175463115,rs1461267293
4,175463136,rs113851791
4,175465287,rs61459246
4,179724353,rs1172975604
4,179724425,rs4377628
4,179724497,rs112156841
4,182703433,rs150062401
4,182703488,rs35743590
4,182703491,rs7692395
4,182703599,rs1420066566
4,183377926,rs11735988
5,1877100,rs111755413
5,1877104,rs1684971
5,5517446,rs2918251
5,7062061,rs184842919
5,9000250,rs1735061272
5,9002362,rs143959340
5,12664441,rs1206017904
5,12664489,rs188654507
5,16421935,rs530161104
5,18542064,rs6884876
5,18542090,rs6884884
5,18670771,rs3956198
5,18670812,rs10940753
5,32814810,rs111915119
5,32814922,rs1173771
5,32814925,rs1743319034
5,32814926,rs1743319053
5,54002160,rs11318363
5,54002195,rs6450176
5,56565768,rs9687832
5,56565774,rs9687833
5,56565959,rs9686661
5,56566007,rs957806852
5,56566010,rs1742749641
5,56566067,rs9687846
5,57019000,rs1848432
5,57019026,rs980175988
5,57019083,rs62356626
5,57019127,rs1229863129
5,57019144,rs1289115204
5,57019150,rs1216704043
5,74971256,rs545453777
5,75355177,rs1330923036
5,75355259,rs3846662
5,75360587,rs1760773829
5,75360595,rs34652146
5,75360714,rs12916
5,75360726,rs17883498
5,76359231,rs2913246
5,76359239,rs1389737166
5,76359249,rs1305311687
5,76359269,rs1386700897
5,77128974,rs6883794
5,77129058,rs996699795
5,77129124,rs4457053
5,78541900,rs190338937
5,78541914,rs10035651
5,78541966,rs10057188
5,81955153,rs1453127729
5,84700368,rs7381070
5,92825905,rs12518284
5,104066104,rs995381845
5,104066107,rs1381585802
5,104066109,rs1190399411
5,106982083,rs577877750
5,106982093,rs373544919
5,106982129,rs141161479
5,106982155,rs967367120
5,108552933,rs1265337357
5,108552996,rs13162492
5,108553024,rs535784655
5,108553037,rs1039053871
5,108553057,rs549194432
5,108553118,rs557484951
5,108553131,rs1222435701
5,108570357,rs60263434
5,108570372,rs58071297
5,108570430,rs112658919
5,108570434,rs113404697
5,108570446,rs111934252
5,108570451,rs113100565
5,108570506,rs58771232
5,110531810,rs528583995
5,114413703,rs1759207202
5,114413704,rs1464989880
5,114413763,rs1013168
5,114413842,rs117532844
5,114413874,rs1382695384
5,117778250,rs1394926909
5,117778339,rs1299853597
5,119509669,rs72788192
5,119509723,rs543545680
5,122477383,rs1164244111
5,122477387,rs1260500177
5,122477390,rs567440517
5,122477406,rs368538893
5,122620812,rs12188125
5,122620823,rs12188126
5,124500887,rs7445711
5,128731436,rs62391175
5,136303218,rs13182581
5,136305034,rs181858570
5,136305051,rs344831
5,136548263,rs192847386
5,136548284,rs145874041
5,136548303,rs138495058
5,140318780,rs72798854
5,147866983,rs11168001
5,147870867,rs545363203
5,147870889,rs190058071
5,147870916,rs547256161
5,147871013,rs140094365
5,147872732,rs112232964
5,153453587,rs546681427
5,156963286,rs6882076
5,156963351,rs79614070
5,156963460,rs41297587
5,158793185,rs31864
5,161243687,rs946656275
5,161243729,rs138236240
5,162279162,rs112542776
5,162279225,rs941463950
5,167301734,rs567955604
6,6031521,rs11751088
6,12901209,rs9369640
6,12903668,rs1537341
6,12903725,rs9349379
6,12903745,rs149168431
6,12927180,rs554626632
6,12927312,rs12526453
6,12927371,rs9367262
6,12927390,rs1332848
6,16127120,rs765138394
6,16127122,rs971248699
6,16127146,rs1759341097
6,16127176,rs3757354
6,18756021,rs34733678
6,18756025,rs183500057
6,18756041,rs112793222
6,18756042,rs9477864
6,20652441,rs775131883
6,20652486,rs9295474
6,20652534,rs9295475
6,20657333,rs4712523
6,20657634,rs4712524
6,20657769,rs61613763
6,20660790,rs13203361
6,20660803,rs10946398
6,20660840,rs1478820764
6,20660850,rs145877493
6,20660866,rs1336534271
6,20660912,rs7774594
6,20661019,rs7754840
6,20679427,rs976952976
6,20679478,rs7756992
6,20682232,rs572179623
6,20682244,rs1316729562
6,20682391,rs35612982
6,20686178,rs145658221
6,20686342,rs7766070
6,20686365,rs1419419278
6,20687879,rs530951843
6,20687890,rs10440833
6,20717024,rs9465871
6,20717067,rs1164873497
6,21363385,rs58220974
6,21363386,rs57528920
6,21363412,rs9358426
6,21363440,rs58175185
6,21363459,rs58223174
6,21363480,rs140664901
6,21365254,rs373529083
6,22612215,rs79786831
6,22612360,rs58958268
6,22612400,rs6909752
6,22612502,rs967348731
6,22612528,rs13217022
6,26090822,rs546614856
6,26090951,rs1799945
6,26092913,rs1800562
6,26092949,rs1221576286
6,26092952,rs143175221
6,26092978,rs923653028
6,26093008,rs1800758
6,27185780,rs858970
6,34584959,rs2814943
6,34585020,rs2814944
6,34585094,rs367893979
6,34585125,rs200822167
6,34801988,rs4472337
6,34802003,rs1304512433
6,34802007,rs1765115556
6,34802023,rs1765115782
6,34802038,rs148012894
6,34930556,rs138143460
6,34930572,rs73421528
6,34930636,rs149500930
6,34930678,rs12205331
6,34930762,rs144297821
6,34998634,rs111314618
6,34998672,rs10807143
6,34998712,rs886388391
6,34998722,rs58764768
6,39156672,rs1544935
6,40414972,rs2916260
6,40415075,rs4329094
6,43768561,rs1211790088
6,43768652,rs699947
6,43768678,rs144854329
6,43768728,rs35161294
6,43768730,rs1452936077
6,43768759,rs1005230
6,43843914,rs1027367765
6,43844025,rs9472138
6,44626334,rs59718350
6,44626354,rs112248659
6,44626364,rs2486194
6,44626422,rs556621
6,44626455,rs556512
6,44626488,rs115875593
6,51942532,rs776804291
6,56012733,rs1764747956
6,56012782,rs540756277
6,62793318,rs1764605210
6,62793441,rs1298619114
6,67872839,rs142577497
6,80512257,rs58511607
6,80512268,rs9443788
6,80512271,rs9443789
6,80512280,rs540994882
6,80512282,rs9443790
6,80512287,rs188296778
6,80512288,rs11970740
6,80512291,rs191092691
6,80512292,rs200999107
6,80512295,rs182346784
6,80512405,rs57974544
6,81347075,rs117665771
6,81347101,rs1767570064
6,81347110,rs147112595
6,81347117,rs193149546
6,81347160,rs374540240
6,86602204,rs144356007
6,90672101,rs145631104
6,90672164,rs140573269
6,90672227,rs182136212
6,90672239,rs148270970
6,90672252,rs1767791642
6,93832013,rs9360035
6,93832028,rs1251683085
6,93832030,rs879265950
6,93832047,rs9363122
6,93832062,rs1162632080
6,94557671,rs986625804
6,97783342,rs629190
6,97783353,rs666545
6,97783431,rs9481943
6,102105596,rs186542647
6,102105665,rs1314629356
6,106539406,rs559044700
6,106539495,rs783396
6,106539499,rs368709659
6,109326604,rs1832778
6,109857630,rs13191175
6,109859539,rs13207337
6,114424386,rs868448279
6,115033868,rs1473268275
6,115035551,rs147087071
6,115035590,rs1043037003
6,115035636,rs879566474
6,115991730,rs9488822
6,116322071,rs12214879
6,116322103,rs67772729
6,116322129,rs12214926
6,120462630,rs9387775
6,120928941,rs9387907
6,121460092,rs75980321
6,121460151,rs140454682
6,121460239,rs12523888
6,121460244,rs11154027
6,121460375,rs1370298397
6,121622375,rs6906023
6,121622389,rs12203589
6,121622392,rs12203590
6,122066251,rs1319750979
6,122066375,rs9372676
6,122843564,rs1772426166
6,123584245,rs113112277
6,124895818,rs1354647216
6,124895820,rs555493859
6,125703839,rs35679399
6,125703876,rs796623363
6,126850649,rs34549115
6,131299152,rs181636891
6,131299166,rs145023873
6,131299176,rs151270311
6,131299191,rs34087894
6,131299305,rs182101472
6,131299311,rs187202419
6,131342630,rs9388894
6,131342662,rs892002789
6,131342665,rs1210304182
6,131506199,rs1776186409
6,131903677,rs1409043984
6,133852013,rs12202017
6,133893387,rs12190287
6,133893438,rs7766238
6,133893439,rs1284655634
6,135090090,rs9376090
6,135090192,rs781238798
6,137062995,rs149676834
6,139508423,rs651837
6,139508529,rs605066
6,139508558,rs4052903
6,140259367,rs4637665
6,140259403,rs557172431
6,140259434,rs1196369268
6,140261222,rs34161714
6,145106910,rs145730677
6,146452316,rs150426969
6,146452317,rs138439003
6,146452348,rs143788033
6,146454168,rs1255759377
6,148643486,rs145600728
6,148643516,rs57483371
6,148643532,rs57977414
6,150931781,rs6902664
6,150931826,rs6922248
6,150931849,rs6922269
6,150931863,rs6907487
6,152076777,rs36083386
6,152076868,rs2982895
6,157702623,rs4708905
6,157702681,rs12524289
6,159278002,rs754646897
6,159278093,rs449789
6,159278177,rs189223609
6,160154170,rs3798164
6,160154258,rs773736258
6,160154334,rs11753995
6,160157685,rs376338351
6,160157828,rs1564348
6,160157882,rs609468
6,160442300,rs2136043
6,160442500,rs2048327
6,160442512,rs151062004
6,160589032,rs1778971369
6,160589118,rs41272078
6,160596961,rs9355296
6,160596982,rs531200824
6,160597043,rs996311822
6,160597142,rs7770628
6,160597189,rs574114618
6,160686983,rs539747146
6,160687112,rs2315065
6,160687247,rs1353578844
6,160768977,rs1237137577
6,160768980,rs1582961172
6,160778855,rs1782602
6,160778868,rs1740438
6,160929447,rs1247294
6,163609768,rs6941513
6,163609829,rs6903246
6,163609833,rs6903248
6,163609843,rs2128258775
6,164342571,rs1583052317
6,164656020,rs138725197
6,169187008,rs1322639
6,169187053,rs9689079
6,169187071,rs1562342846
6,169187082,rs1374474974
7,6950091,rs10247935
7,6950127,rs7804242
7,9355300,rs963276139
7,9355301,rs62437773
7,9355314,rs186203301
7,9355327,rs62437774
7,9355360,rs144237608
7,14815364,rs145505308
7,14815368,rs1385738406
7,14815372,rs148440657
7,14815437,rs4721377
7,14815563,rs1169224064
7,15024565,rs10228796
7,15024591,rs10258074
7,15024630,rs2191348
7,15024684,rs2191349
7,15703161,rs10486776
7,17417866,rs903455123
7,17417880,rs13224501
7,18694322,rs1229823777
7,18694342,rs1315948110
7,18694366,rs1206505249
7,18694380,rs2129099698
7,18694442,rs12669789
7,18998038,rs7798197
7,19009639,rs1184697025
7,19009658,rs5882692
7,19009765,rs2107595
7,19009884,rs1029510
7,19571585,rs763529
7,19571591,rs763530
7,19571684,rs10230207
7,19571789,rs16872326
7,20549222,rs6956942
7,21567577,rs6461582
7,21567606,rs1783720769
7,21567627,rs12668100
7,21567665,rs55649657
7,21567672,rs114369653
7,21567734,rs12670798
7,21567759,rs561003138
7,21567829,rs1783734865
7,24399983,rs3956584
7,24399995,rs4382370
7,24400055,rs55876186
7,24400057,rs1791087145
7,26026151,rs11975165
7,26026187,rs1371366988
7,28140896,rs11454114
7,28140937,rs864745
7,28156521,rs752686500
7,28156603,rs849134
7,28156640,rs1267993784
7,28156741,rs1783191407
7,28156794,rs849135
7,28156897,rs1397308743
7,30807792,rs576976055
7,30807882,rs7808845
7,30811806,rs28380235
7,31468707,rs1380751955
7,31468714,rs146482324
7,31468785,rs111759950
7,31470832,rs577080274
7,36634441,rs942411062
7,36634546,rs2392459
7,40408372,rs76206723
7,42872464,rs182385108
7,42872492,rs1432153775
7,42872500,rs372603094
7,42872574,rs1320989694
7,42872579,rs1785355592
7,42872597,rs1583586486
7,42872714,rs139146620
7,42874403,rs58877421
7,43824842,rs634187
7,44196069,rs4607517
7,44196137,rs2096330031
7,44196148,rs1367466442
7,44196149,rs919726618
7,44196220,rs79070905
7,44539474,rs776788939
7,44539581,rs2072183
7,44539585,rs117724326
7,44539586,rs139533378
7,44539647,rs776060837
7,44541277,rs41279633
7,44541392,rs17655652
7,46031237,rs2690721
7,52113601,rs67800652
7,64804363,rs7805047
7,73568544,rs17145738
7,83461495,rs919630832
7,83461588,rs186600134
7,83463346,rs28767634
7,83463399,rs567320333
7,83463424,rs28773252
7,83463460,rs182554606
7,83463473,rs1789677843
7,83463474,rs1789677920
7,83463491,rs1430394758
7,83463497,rs1284362052
7,92481339,rs771071903
7,93395855,rs111731885
7,93395898,rs180836628
7,99672916,rs776746
7,99673000,rs946290447
7,106771245,rs17477143
7,106771372,rs1793880847
7,106771412,rs17477177
7,106771477,rs62481855
7,116556709,rs3807990
7,116556798,rs33987651
7,120887637,rs149094033
7,120887683,rs1401609721
7,120887704,rs113969935
7,120889489,rs116609028
7,122820928,rs374601386
7,122820969,rs1406325433
7,122820999,rs1413527127
7,122821029,rs534649689
7,122821030,rs867733248
7,122821044,rs200855821
7,122821045,rs201685005
7,122821077,rs201631195
7,122821092,rs1158600500
7,122821106,rs1036238452
7,124962392,rs547075043
7,125260894,rs1398081197
7,125260953,rs376054260
7,125921519,rs931789074
7,125921574,rs9886268
7,125921636,rs138798113
7,127570965,rs10276671
7,127613397,rs78594665
7,127613496,rs2233580
7,127613497,rs3824004
7,127613524,rs114315130
7,127613577,rs1794672005
7,130023656,rs11556924
7,130023704,rs1793754008
7,130023732,rs745340860
7,130023748,rs1793756500
7,130748625,rs4731702
7,130782020,rs73474507
7,130782070,rs185212069
7,130782095,rs972283
7,130782099,rs781908929
7,130782207,rs972284
7,146247162,rs147250861
7,150992855,rs1800779
7,150992991,rs2070744
7,150993045,rs553827594
7,150993088,rs3918226
7,150998920,rs1007311
7,150998988,rs149539813
7,150999023,rs1799983
7,150999091,rs755420865
8,10826368,rs2129087835
8,18414772,rs75601136
8,18414867,rs4921913
8,18414928,rs4921914
8,18414956,rs4921915
8,18414993,rs11267998
8,18415025,rs35246381
8,18415371,rs1495741
8,18415391,rs1495742
8,18415397,rs62493026
8,18415430,rs1800974642
8,19955669,rs264
8,19986711,rs12678919
8,19986717,rs34770253
8,20007664,rs2083637
8,20007752,rs2083636
8,26043074,rs6557875
8,26043108,rs1805634261
8,26043159,rs6557876
8,26043262,rs11992541
8,41661710,rs778925149
8,41661730,rs516946
8,41772790,rs1436005404
8,41772820,rs749871990
8,41772887,rs4737009
8,41772929,rs4737010
8,42724535,rs62518216
8,42724584,rs62518217
8,42724593,rs62518218
8,42724596,rs16891561
8,42724668,rs145377570
8,49421468,rs1563388888
8,51363433,rs749077560
8,55715901,rs1455664830
8,55715925,rs12547107
8,58475972,rs10090994
8,58476003,rs1809118362
8,58476006,rs2081687
8,58480596,rs1358340941
8,58480714,rs4738684
8,68974989,rs372467051
8,71676811,rs867776275
8,71678562,rs376235463
8,71678563,rs1355389076
8,71678569,rs1284327775
8,71678570,rs13276748
8,71678584,rs372074355
8,71678594,rs150160576
8,71678610,rs1446726997
8,71678690,rs6999159
8,71678735,rs62519871
8,71678756,rs112552782
8,71678762,rs991116384
8,79388006,rs1459504028
8,79388020,rs1466730604
8,79388077,rs1202729370
8,79388117,rs1475068211
8,79388125,rs998332817
8,79389895,rs142222106
8,79389952,rs7015403
8,85066736,rs923839886
8,85066798,rs34429265
8,85066820,rs1807560001
8,88744231,rs1808514683
8,90092276,rs11783766
8,90092290,rs11786079
8,94948283,rs896854
8,97178838,rs62507186
8,97204575,rs535547022
8,97204580,rs367643043
8,97204607,rs1809548483
8,97204608,rs370585962
8,97204613,rs1042120874
8,97204732,rs576103052
8,97204759,rs1039954985
8,97204760,rs527590172
8,97204780,rs529206006
8,97204786,rs1032129602
8,103001574,rs611839
8,103001585,rs144780457
8,104289597,rs1319857592
8,104289612,rs578143428
8,104954012,rs1441341994
8,104954030,rs35783704
8,104954086,rs35719208
8,107170162,rs188261890
8,107170188,rs2844276
8,112197759,rs997935958
8,114285753,rs62540571
8,115214095,rs71528501
8,115215926,rs1018684077
8,115215938,rs975186065
8,115215975,rs13257795
8,115216007,rs13258067
8,115586972,rs2293889
8,115587043,rs191525942
8,115651671,rs2737252
8,115651695,rs2737253
8,115651706,rs10505260
8,115651770,rs952306483
8,115816495,rs2736215
8,115818316,rs112658822
8,115818357,rs143299819
8,117172544,rs13266634
8,117172613,rs746248449
8,117172671,rs1240973459
8,117172742,rs187685147
8,117172786,rs3802177
8,117172802,rs2466295
8,117172824,rs2466294
8,119423465,rs11785549
8,119423493,rs11775043
8,119423559,rs938458654
8,119423572,rs2071518
8,119423665,rs775916517
8,119423668,rs2071519
8,119423710,rs77725825
8,119423722,rs1057722
8,125466108,rs2980853
8,125466131,rs16900615
8,125466208,rs2001846
8,125478730,rs2954029
8,125478769,rs5894757
8,125478872,rs1213280498
8,127433652,rs149490695
8,127435376,rs59191242
8,127435416,rs1454188690
8,127435480,rs58760468
8,127435483,rs1204684193
8,127435509,rs371024646
8,127435513,rs374062741
8,127435541,rs1304292200
8,127435546,rs1350392865
8,127435561,rs562079302
8,127435569,rs1194129560
8,131742534,rs1813815944
8,131742578,rs199864935
8,132082093,rs1422953881
8,132082158,rs564368480
8,132082166,rs138130925
8,135769081,rs1459282972
8,135769090,rs11780483
8,135769128,rs62529296
8,137409948,rs7012112
8,137409970,rs7012127
8,137826536,rs991463439
8,137828627,rs62530484
8,140049725,rs10481411
8,140049737,rs1039775609
8,140049832,rs1457308182
8,140049929,rs4454254
8,140049966,rs921321968
8,140049971,rs192081865
8,140049992,rs183568874
8,140050042,rs1378226642
8,142918184,rs1799998
8,142918270,rs371854729
8,143969201,rs1467159340
8,143969225,rs1014861215
8,143969307,rs141190664
8,143969375,rs11136341
8,143969397,rs1833297154
8,143970938,rs1253052242
8,144955862,rs924271976
8,144955869,rs1276793616
9,3812869,rs1328772077
9,3812892,rs370786023
9,3812908,rs4741855
9,3812912,rs1480338131
9,4289006,rs60129946
9,4289050,rs7034200
9,12952032,rs2118218869
9,15305280,rs914351089
9,15305380,rs581080
9,22029446,rs10965215
9,22029548,rs564398
9,22029589,rs1822382832
9,22081797,rs10965227
9,22081851,rs6475606
9,22081945,rs890559010
9,22081964,rs1222800224
9,22082009,rs1661397349
9,22084311,rs1537370
9,22098575,rs4977574
9,22098620,rs2891168
9,22098678,rs35568006
9,22098685,rs910733102
9,22124369,rs17761458
9,22124451,rs10757277
9,22124473,rs10811656
9,22124478,rs10757278
9,22124505,rs1333047
9,22125348,rs1333048
9,22125504,rs1333049
9,22125549,rs557736042
9,22129580,rs7020996
9,22129595,rs10965241
9,22132077,rs2383208
9,22132168,rs143814461
9,22132172,rs565768506
9,22133252,rs7045889
9,22133285,rs10965250
9,22133985,rs10757282
9,22134030,rs10965251
9,22134069,rs10811660
9,22134095,rs10811661
9,22134173,rs10757283
9,22136441,rs12555274
9,22136445,rs1818140211
9,22136490,rs1333051
9,22136545,rs1326988757
9,25291631,rs199946061
9,25291659,rs10117072
9,25291713,rs10120315
9,25291745,rs10120323
9,25658761,rs7042900
9,25658840,rs7854628
9,25658851,rs1821048333
9,25672636,rs13290377
9,32166305,rs13440070
9,32168350,rs4305990
9,41633373,rs2641057
9,41633432,rs2774781
9,41633454,rs1377682616
9,62801083,rs76395372
9,62801089,rs12552831
9,62801121,rs1907822
9,62801126,rs113023398
9,62801131,rs145662988
9,62801143,rs7040375
9,62801145,rs796930769
9,62801152,rs76070453
9,62801158,rs796127945
9,62801167,rs796740762
9,62801194,rs61448030
9,62801195,rs7040398
9,62801203,rs76122331
9,62801206,rs1256514812
9,62801216,rs12554358
9,62801217,rs796170659
9,62801218,rs796776036
9,62801227,rs79307166
9,62801228,rs796790785
9,62801234,rs1467030061
9,62801251,rs1295148120
9,62801254,rs1295897908
9,67737121,rs3126263
9,67737196,rs1416631064
9,67737239,rs62543680
9,67737299,rs62543681
9,69408615,rs62570234
9,74089421,rs150236985
9,74089478,rs1827031058
9,78182661,rs113802015
9,78182725,rs112866315
9,78182753,rs112240301
9,79336974,rs66533207
9,79337029,rs73653389
9,79337174,rs36119074
9,79337213,rs13292136
9,81010977,rs57680169
9,81012770,rs451586
9,82885598,rs13291244
9,82885657,rs150090450
9,85462419,rs200276555
9,85462427,rs10868301
9,85462439,rs10868302
9,85462440,rs10868303
9,87414674,rs7028309
9,87414676,rs187599641
9,87414677,rs192805300
9,87414692,rs7028522
9,87414710,rs184301552
9,87414719,rs7028208
9,87414747,rs199775897
9,87414760,rs1243517487
9,87414761,rs371086753
9,87414775,rs1824728668
9,87414778,rs7028426
9,94543635,rs10761328
9,97216803,rs199965150
9,98267580,rs61349713
9,99673877,rs1007511862
9,100689043,rs553164055
9,104800419,rs1287258630
9,104800523,rs2230808
9,104828801,rs10820737
9,104828835,rs10820738
9,104828898,rs780152615
9,104828991,rs2853579
9,104902020,rs1883025
9,104902092,rs73664375
9,106790120,rs62568581
9,106792316,rs143197262
9,121794106,rs56763233
9,121794138,rs200338336
9,121794170,rs60488562
9,126076352,rs60918809
9,126076366,rs57940833
9,126076368,rs59396739
9,126076371,rs61568917
9,126076377,rs58760864
9,126076378,rs55858344
10,5475102,rs11253191
10,6631473,rs10904650
10,6631492,rs56211307
10,6631496,rs56302325
10,6631498,rs11499216
10,6631532,rs11253708
10,6631645,rs79367535
10,6633353,rs192315693
10,12265844,rs1014337805
10,12265895,rs11257655
10,12265964,rs11593567
10,12272818,rs76853719
10,12272998,rs10906115
10,12273037,rs11257677
10,12273067,rs1836458605
10,12273069,rs1228340181
10,12286011,rs12779790
10,17630626,rs370274558
10,17630663,rs556966828
10,17630701,rs868964008
10,18130973,rs565482205
10,18131042,rs548192430
10,18131043,rs4373814
10,18418423,rs1325990
10,18418512,rs111609298
10,18418519,rs1813353
10,20868563,rs2296609
10,20868692,rs2296610
10,25720417,rs2442885
10,25720418,rs550580839
10,25720444,rs2504196
10,25720471,rs11527760
10,25720472,rs189746131
10,25720506,rs10828864
10,30027943,rs3739996
10,30028068,rs554105637
10,30028144,rs9337951
10,30028234,rs1449431454
10,30028235,rs1336605322
10,30032669,rs1887318
10,30032692,rs149372232
10,30032711,rs757890097
10,30046087,rs80292839
10,30046193,rs2505083
10,30046304,rs1465645785
10,30046346,rs117254215
10,31793578,rs2808038
10,31793686,rs2132117436
10,31793730,rs10826995
10,35403938,rs1409598308
10,35403940,rs1287330790
10,35403941,rs1345686331
10,35404003,rs1240162265
10,35404022,rs1350940840
10,35404026,rs1258332762
10,35404038,rs548573090
10,35404041,rs1200260467
10,35404042,rs1241456280
10,35404070,rs1015446678
10,35404083,rs991282717
10,43985222,rs56338358
10,43985246,rs1870635
10,43985279,rs71505697
10,43985350,rs1147913
10,43985363,rs1870634
10,44280376,rs1746048
10,52035651,rs9651334
10,52035703,rs9651310
10,52035719,rs4935307
10,52035732,rs4935308
10,52035736,rs189128123
10,52037594,rs11000538
10,53500772,rs12358302
10,53500789,rs143860096
10,53500798,rs12355167
10,53500830,rs34633836
10,53500840,rs71490957
10,54170538,rs10763077
10,54170551,rs10825253
10,54170555,rs10825254
10,54170587,rs10763078
10,55973152,rs10763279
10,61707725,rs12763641
10,61707795,rs4590817
10,61707904,rs1409614532
10,63267848,rs36036508
10,63267850,rs10761731
10,68077606,rs10997927
10,90082988,rs182211567
10,90083009,rs13376797
10,90084724,rs4933545
10,90084880,rs140719352
10,90298767,rs189933008
10,90298819,rs3981447
10,90809414,rs1845764597
10,91303691,rs61875647
10,92703125,rs1111875
10,92705772,rs1454046963
10,92705802,rs5015480
10,92713689,rs148082898
10,92713838,rs1303391132
10,92713872,rs7087591
10,92713923,rs1369013402
10,93052497,rs78627331
10,94136183,rs932764
10,94384771,rs145869886
10,96734125,rs34725860
10,100385363,rs10883469
10,102834644,rs17115104
10,102834669,rs1844136032
10,102834696,rs1844136437
10,102834697,rs1353502936
10,102834750,rs1004467
10,102959208,rs1027606708
10,102959339,rs12413409
10,102959421,rs1449527106
10,102959461,rs149156341
10,103086319,rs2065809445
10,103086421,rs11191548
10,103086462,rs3841710
10,103571190,rs12253987
10,103714745,rs183474824
10,103714894,rs10883903
10,103714963,rs2038088868
10,106019535,rs34359949
10,106021387,rs140331704
10,112173963,rs774359689
10,112174010,rs1847359497
10,112174101,rs56317768
10,112174128,rs2255141
10,112174194,rs964822490
10,112184363,rs553277909
10,112184513,rs2419604
10,112184619,rs574142904
10,112184655,rs2001808
10,112285440,rs943263
10,112285508,rs137897266
10,112285575,rs12412743
10,112285654,rs1034001620
10,112994312,rs34872471
10,112994329,rs7901695
10,112994365,rs536326685
10,112994433,rs1445534776
10,112996261,rs1196937419
10,112996282,rs4506565
10,112996295,rs558486095
10,112996320,rs139031044
10,112996360,rs2043482523
10,112996399,rs1208079310
10,112998590,rs7903146
10,112998607,rs904263613
10,112998703,rs1187646533
10,112998706,rs2043944149
10,113049143,rs12255372
10,113297684,rs11196288
10,116484591,rs1047291240
10,118898013,rs11816589
10,119389891,rs10886471
10,120846761,rs1659569
11,2620718,rs150282050
11,2620773,rs7128307
11,2620807,rs117601636
11,2670207,rs141879881
11,2670240,rs563290928
11,2670241,rs231362
11,2670254,rs2283183
11,2670270,rs231361
11,2684113,rs231356
11,2825839,rs163184
11,2825904,rs535737042
11,2828243,rs539460343
11,2828300,rs2283228
11,2835834,rs1848052714
11,2835951,rs371963363
11,2835964,rs2237895
11,2836003,rs60808706
11,2837210,rs2237896
11,2837218,rs1848086597
11,2837316,rs2237897
11,2837392,rs929391200
11,2837406,rs74046911
11,4221211,rs185566455
11,4221212,rs71480446
11,5164093,rs138562095
11,5691295,rs6578678
11,5691296,rs4625503
11,10328858,rs986238250
11,10328991,rs7129220
11,10329084,rs72851686
11,10367140,rs1270980285
11,10367225,rs1847273187
11,10367235,rs2923084
11,10367279,rs1040910557
11,13281464,rs12419932
11,13281524,rs3993105
11,13281538,rs7926712
11,16880592,rs184550093
11,16880721,rs381815
11,16880722,rs1855645070
11,17386949,rs8175351
11,17387083,rs5215
11,17388025,rs5219
11,17388081,rs769283457
11,17388140,rs745454365
11,17396823,rs4148644
11,17396898,rs75967811
11,17396930,rs757110
11,17397032,rs1281036350
11,18611401,rs1160751340
11,18611437,rs10128711
11,18634695,rs150240419
11,18634724,rs10832962
11,18634777,rs889016798
11,18634798,rs1036707382
11,18647029,rs7394858
11,18647034,rs7396088
11,23185890,rs11602611
11,23185952,rs12792294
11,23185953,rs12793717
11,27630958,rs989957516
11,27630984,rs200998424
11,39738514,rs1468059106
11,39738516,rs1296888638
11,39738519,rs1399661017
11,39738525,rs1447688792
11,39738598,rs920039664
11,39738601,rs931396356
11,39738606,rs1191376425
11,39738612,rs1426319240
11,39738617,rs4471385
11,45186499,rs112060510
11,45186590,rs11442819
11,45186773,rs1565303500
11,45851540,rs11605924
11,46721478,rs1427951265
11,46721585,rs3136439
11,46721682,rs3136520
11,46721697,rs3136441
11,46721784,rs3136443
11,61802251,rs1479729384
11,61802340,rs2066861091
11,61802358,rs174546
11,61813163,rs174556
11,61813208,rs536997868
11,63454836,rs113737335
11,63456670,rs11822642
11,63456751,rs536409326
11,67761567,rs558202625
11,68637360,rs1410738294
11,68637409,rs185193806
11,72721868,rs61661445
11,72721940,rs11603334
11,72721956,rs572909337
11,72722053,rs1552224
11,74531266,rs2570616
11,74531281,rs1591262328
11,81125534,rs112603074
11,81125629,rs201169541
11,81810134,rs34147833
11,81810213,rs11501786
11,83444661,rs146771511
11,89491285,rs2289125
11,89491309,rs2289124
11,92940609,rs1164191120
11,92940662,rs1387153
11,92940699,rs1382996014
11,92940715,rs1374645
11,92940831,rs191761297
11,92975544,rs10830963
11,92975607,rs1857999562
11,92975633,rs12272268
11,93103608,rs150625704
11,93103635,rs763847814
11,94645268,rs2135359353
11,94645406,rs1949279973
11,96589761,rs12786380
11,96589842,rs184197375
11,96591624,rs7480862
11,96591687,rs11225554
11,96591707,rs141631053
11,96591708,rs150525648
11,96591769,rs181421112
11,100722681,rs112095402
11,100722712,rs7105451
11,100722719,rs113635660
11,100722785,rs61910480
11,100722807,rs633185
11,101244585,rs137951493
11,103798234,rs2019090
11,103802549,rs2128739
11,103802566,rs2839812
11,103802646,rs1425499605
11,103802670,rs55886039
11,108412407,rs78208981
11,108412434,rs11212617
11,108412546,rs2092676223
11,116741017,rs9326246
11,116741111,rs180349
11,116742862,rs138742363
11,116742944,rs12280753
11,116778060,rs78296522
11,116778201,rs964184
11,116778285,rs563977444
11,116789899,rs906102559
11,116789970,rs2266788
11,117412910,rs572884
11,117412918,rs572862
11,117412960,rs8258
11,117413092,rs9163
11,118718875,rs574694151
11,118718962,rs28787351
11,118718982,rs28835958
11,121639862,rs1274271002
11,121639863,rs12290248
11,122083949,rs7121446
11,122083981,rs61903713
11,122651539,rs1863302521
11,122651667,rs7941030
11,123867333,rs185966845
11,126363671,rs535684610
11,126363774,rs7952602
11,126374057,rs11220462
11,126374090,rs1952748333
11,126374094,rs1952748415
11,126395088,rs4245067
11,126395259,rs73021441
11,126395260,rs4505078
11,126395396,rs1326254237
11,127546591,rs147520391
11,127770749,rs4393324
11,127770775,rs1406999398
11,127770784,rs1454661617
11,127770879,rs145186667
11,130403273,rs77446482
11,130403335,rs11222084
11,130403391,rs1361341436
11,133628706,rs148917644
11,133628769,rs1184105400
11,133630813,rs3134441
11,133630831,rs12222376
11,133630849,rs145213356
12,578165,rs2535428
12,578202,rs1273032107
12,674184,rs11616050
12,674318,rs12425791
12,4020423,rs112077683
12,4020433,rs28789968
12,4020504,rs187670182
12,6845607,rs782139880
12,6845637,rs782368057
12,6845661,rs1943678216
12,6845700,rs5442
12,6845707,rs143381578
12,6845711,rs5443
12,8806871,rs28794890
12,8929863,rs925729246
12,8929985,rs4883201
12,8930019,rs55710456
12,10334824,rs186384098
12,10334826,rs1264021268
12,10334834,rs1487975204
12,10334844,rs1214987730
12,10334867,rs12814882
12,10334881,rs34062078
12,10334882,rs372368353
12,10334887,rs796328364
12,10334901,rs2537756
12,10334902,rs2617176
12,11464088,rs536825860
12,11464152,rs12810325
12,11611611,rs200747293
12,11611637,rs971661585
12,11611660,rs77893786
12,11613510,rs879830196
12,17023758,rs1005359635
12,17023759,rs12818595
12,17023772,rs145221438
12,17023851,rs60276907
12,17025520,rs112387441
12,18199043,rs566089612
12,20077705,rs10770612
12,20320824,rs7134375
12,20818922,rs1321528307
12,20818991,rs969608744
12,20820795,rs111335575
12,20862403,rs367973507
12,21022849,rs759124907
12,21178615,rs4149056
12,21178665,rs4149057
12,21178691,rs2291075
12,25167008,rs145481325
12,29136668,rs11050073
12,29138807,rs60233037
12,30057844,rs60561468
12,30057852,rs11614729
12,30059969,rs149017620
12,44453548,rs55726837
12,44453578,rs150997504
12,46325686,rs57067899
12,46325691,rs57149475
12,53046890,rs10783559
12,53046995,rs73099903
12,54705131,rs1958557130
12,54705212,rs1153188
12,57398797,rs11613352
12,57398821,rs574669406
12,57449799,rs1870670170
12,57449928,rs2229357
12,57450022,rs751110066
12,59105544,rs113920671
12,59325146,rs7487998
12,59326981,rs149356258
12,59327021,rs11833678
12,60953757,rs113433331
12,61590643,rs561424638
12,61590644,rs12579649
12,62189374,rs1220543216
12,62189376,rs76332806
12,62189472,rs1920090
12,65644210,rs2250519
12,65781076,rs1122590
12,65781080,rs1245583395
12,65781114,rs1531343
12,65781129,rs2260671
12,65781189,rs549030369
12,65781198,rs575146556
12,67768519,rs10878655
12,67768597,rs11176855
12,67768600,rs11176856
12,68540503,rs202200367
12,70089180,rs183699534
12,70089184,rs140970019
12,71183321,rs1495377
12,71183401,rs538442177
12,71269150,rs974628240
12,71269190,rs930633196
12,71269233,rs958557984
12,71269322,rs7961581
12,71269344,rs17226954
12,71269356,rs116234309
12,72705222,rs1875916515
12,72705251,rs141863683
12,72705299,rs11615014
12,72705305,rs11609154
12,72705322,rs11179326
12,73003762,rs73156336
12,73003766,rs11179499
12,76295578,rs149459751
12,79543507,rs141840323
12,79543618,rs1274694673
12,79543641,rs1448167632
12,79543678,rs1170974760
12,79543705,rs1035795947
12,79543706,rs543796340
12,80784962,rs1027825068
12,80785061,rs1375986795
12,87909073,rs61941296
12,87909086,rs61941297
12,87909098,rs61941298
12,87911095,rs4842586
12,87911247,rs1592620796
12,87911250,rs61941300
12,87911271,rs1592620803
12,89615057,rs370696745
12,89615182,rs2681472
12,89615234,rs1285787994
12,89666809,rs17249754
12,94486966,rs139236208
12,94486972,rs12311699
12,99719218,rs149831324
12,99719329,rs2057811980
12,100633267,rs117392880
12,103224614,rs577347578
12,103224626,rs1308403596
12,103224657,rs1407077677
12,103224659,rs202023249
12,103224667,rs201304164
12,109562342,rs1884243889
12,109562372,rs992607756
12,109562388,rs7134594
12,109562508,rs976256319
12,111446611,rs28362508
12,111446725,rs780008082
12,111446804,rs3184504
12,111446805,rs1398947274
12,111446824,rs1333297458
12,111446885,rs750669867
12,111446904,rs754926967
12,111446906,rs781037828
12,111569874,rs149067188
12,111569952,rs653178
12,111773925,rs1566180962
12,111774029,rs2238151
12,111774069,rs35154896
12,112049014,rs17696736
12,112172876,rs1181173872
12,112172910,rs11066188
12,112173056,rs1233290304
12,112468593,rs1489409043
12,112468611,rs11066320
12,114949989,rs112841355
12,114949991,rs10850411
12,114950048,rs10735087
12,114950074,rs34563166
12,120978819,rs1169289
12,120978847,rs1169288
12,120979118,rs199785468
12,120979158,rs1030248817
12,120979185,rs2244608
12,120979335,rs575098936
12,120997422,rs910057795
12,120997539,rs2259820
12,120997619,rs747872093
12,120997624,rs2464196
12,120997634,rs1877181214
12,120997672,rs2464195
12,121022883,rs7957197
12,123975544,rs1338908339
12,123975620,rs4765127
12,123975641,rs779044191
12,124822507,rs11057830
12,124822609,rs1051429348
13,34800503,rs369485558
13,36294757,rs9547130
13,36320094,rs9575911
13,36320198,rs9575912
13,36320239,rs9566079
13,37970857,rs140782338
13,37970913,rs2485491
13,37971002,rs191473273
13,37973033,rs137933255
13,48058231,rs9567988
13,54129575,rs146345270
13,54268830,rs370098353
13,54268831,rs11840440
13,54270636,rs548103563
13,54270637,rs561400403
13,54270690,rs12584650
13,55656842,rs11841428
13,55656855,rs148278645
13,55656901,rs376480919
13,56044175,rs1017234642
13,56044234,rs1953459805
13,56044314,rs113861731
13,56114398,rs201510844
13,61092498,rs112069250
13,61092534,rs140064065
13,61092564,rs3106588
13,61092565,rs3106589
13,61206633,rs1476393368
13,61208698,rs7323627
13,66228319,rs1033254665
13,66228371,rs1285456223
13,66228419,rs375784078
13,66230121,rs201062299
13,66230125,rs187115916
13,78664790,rs4304924
13,78664818,rs3064401
13,78664826,rs2147980
13,78664922,rs78553026
13,78664934,rs75256864
13,80187363,rs12871333
13,80187449,rs12872594
13,81869972,rs9545895
13,81869974,rs9545896
13,86360281,rs61963666
13,86360309,rs568510624
13,86360339,rs149214144
13,86362156,rs1250727159
13,86362168,rs12431021
13,86362189,rs187701234
13,88514748,rs4303342
13,88514808,rs1332366660
13,90850590,rs28808682
13,90852369,rs12429805
13,97646289,rs2149056
13,97646337,rs1419946146
13,109267245,rs147265812
13,109267300,rs9521271
13,110165709,rs1877307826
13,110165755,rs11617955
13,110390892,rs367663533
13,110390962,rs55940034
13,110391057,rs117303969
13,112677336,rs61961106
13,112677531,rs35549742
13,112677554,rs7998202
14,24414514,rs143075190
14,24414679,rs1288790624
14,24414681,rs8017377
14,24414712,rs146414871
14,24414758,rs200803889
14,24414770,rs2042933075
14,41517824,rs201761535
14,41517844,rs199933562
14,41519919,rs1447873506
14,45497306,rs150314312
14,46014305,rs551317710
14,47106120,rs147502940
14,48266147,rs528158448
14,48266152,rs143828703
14,65654650,rs192859282
14,65654725,rs11627184
14,65654750,rs12435908
14,65654774,rs11627185
14,65654835,rs73268557
14,65654859,rs200651986
14,73705350,rs1433343659
14,73705394,rs1215443362
14,73707205,rs56099348
14,73707272,rs58360046
14,75707427,rs1283789770
14,75707441,rs112721830
14,75707517,rs1005224
14,77135416,rs112328350
14,77135474,rs202017182
14,77135476,rs1465330
14,77135477,rs796588091
14,82062799,rs113388173
14,85734922,rs146875601
14,85734943,rs145778813
14,86735374,rs2098168
14,86735381,rs149585056
14,95974724,rs1376961523
14,98121270,rs1887045957
14,98121293,rs9323988
14,98121298,rs77556698
14,98121314,rs544799831
14,98121332,rs9323989
14,98121333,rs9323990
14,98121457,rs7147117
14,98987152,rs867670110
14,98988979,rs144687481
14,99679291,rs77639524
14,99679343,rs4433740
14,99679373,rs10139550
14,99679374,rs78677915
14,102243631,rs148844858
14,102243674,rs143516102
15,36287589,rs11631306
15,36287605,rs144942867
15,36287612,rs372541070
15,36287640,rs11631313
15,36287655,rs189888509
15,37237978,rs114257161
15,37237995,rs1025861227
15,37238037,rs11073230
15,38530591,rs7403047
15,38530607,rs2141147455
15,38530704,rs7403531
15,43953653,rs542343335
15,43953692,rs147574806
15,43953733,rs2929282
15,49732166,rs199537607
15,58260318,rs72625727
15,58260361,rs35679977
15,58260407,rs7165301
15,58260461,rs34780867
15,58260487,rs76707333
15,58260489,rs36045724
15,58391148,rs148959479
15,58391166,rs77913595
15,58391167,rs1532085
15,58391211,rs12185072
15,58391234,rs148141131
15,58391261,rs1595815960
15,58391306,rs1255147386
15,58391343,rs12905732
15,58391356,rs261294
15,58431227,rs1077835
15,58431280,rs1077834
15,58431342,rs74781122
15,58431365,rs142392306
15,58431388,rs35588604
15,58431398,rs36041167
15,62103990,rs7167878
15,62103999,rs7167881
15,62104078,rs182528461
15,62104079,rs7167932
15,62104190,rs7172432
15,67149334,rs147793459
15,67149404,rs1054444505
15,67149412,rs72743461
15,67149413,rs1962066694
15,67149426,rs1866317
15,67149528,rs2033785
15,74784908,rs1419883378
15,74784949,rs1367252307
15,74784952,rs35267825
15,74784985,rs35331038
15,74784996,rs2141770792
15,74785014,rs975333867
15,74785026,rs1378942
15,78787759,rs753093397
15,78787780,rs1188418247
15,78787801,rs1596192371
15,78787863,rs79404250
15,78787892,rs1994016
15,78787964,rs1994017
15,78787965,rs144282040
15,78788060,rs73462910
15,78796665,rs3743057
15,78796702,rs757294838
15,78796732,rs61752773
15,78796769,rs3825807
15,78796834,rs1251112554
15,78796865,rs1206387331
15,78830584,rs192791745
15,78830606,rs72749206
15,78830626,rs542783923
15,78830637,rs62011003
15,78830712,rs7164479
15,78830828,rs1051781635
15,78849280,rs749188792
15,78849361,rs4344704
15,78849424,rs573276934
15,78849442,rs7173743
15,78849514,rs143284856
15,79667911,rs77740361
15,79667937,rs141513919
15,80139880,rs11634397
15,80139900,rs1402235326
15,80348304,rs71399411
15,80348315,rs76632617
15,80348369,rs961490848
15,80348406,rs10459658
15,80348487,rs75129353
15,80348584,rs10459659
15,81759803,rs187416516
15,87043583,rs2570142
15,87043640,rs540579015
15,87043641,rs559313325
15,88549199,rs1425192135
15,89031158,rs2083457
15,89031187,rs2083458
15,89031195,rs2083459
15,89031209,rs35590540
15,89031253,rs2083460
15,90134647,rs1959465229
15,90978107,rs8042680
15,92513358,rs111786634
15,92513387,rs182601063
15,92515450,rs1000910100
15,92515467,rs1045675801
15,94758408,rs554173115
15,94758455,rs12898762
15,94758460,rs12900048
15,96873710,rs34170838
15,96873718,rs199517940
15,96873724,rs34568238
15,96873744,rs11853195
15,96873771,rs199735708
15,96873775,rs11853264
15,96873792,rs11853266
15,96873794,rs11856744
15,96873804,rs62341779
15,100444265,rs1436156339
15,100444270,rs1281737986
15,100444275,rs1347059790
16,9672979,rs531710744
16,9673023,rs62031844
16,9673072,rs7205745
16,30536685,rs147053918
16,30907166,rs11649653
16,30907369,rs1458711224
16,47840466,rs112158916
16,53767042,rs1421085
16,53782363,rs8050136
16,53782405,rs914227690
16,53785257,rs9936385
16,53785286,rs9923233
16,53786511,rs141115189
16,53786591,rs9926289
16,53786615,rs9939609
16,53786711,rs557129007
16,53811439,rs147665998
16,53811517,rs115140649
16,53811575,rs11642841
16,53811631,rs2078526405
16,56959299,rs12708967
16,56959412,rs3764261
16,62981050,rs200146293
16,65231766,rs35498940
16,65231769,rs143223952
16,65231799,rs56249585
16,65231800,rs535461108
16,67894027,rs138372957
16,67894139,rs16942887
16,67894182,rs2058119782
16,70618359,rs964533520
16,70618419,rs140077915
16,70618436,rs12923782
16,70618451,rs12924171
16,70624551,rs139915045
16,72056336,rs72487946
16,72074134,rs370146059
16,72074176,rs2041690600
16,72074194,rs2000999
16,72074252,rs757979316
16,72074255,rs1271255324
16,72995169,rs1963237530
16,72995261,rs7193343
16,72995296,rs7192350
16,73017721,rs2106261
16,73017778,rs7203014
16,73017781,rs1964158653
16,73019123,rs2359171
16,73034596,rs72795149
16,73034614,rs1964834156
16,73034616,rs12373097
16,73034675,rs117568340
16,73034689,rs989905045
16,73034779,rs879324
16,73034880,rs1265686506
16,81501074,rs1253062011
16,81501150,rs75179727
16,81501151,rs373873396
16,81501185,rs2925979
16,86651813,rs4843416
17,2185544,rs28505924
17,2185554,rs57243031
17,2185575,rs116982373
17,2214651,rs2281727
17,2214709,rs113307881
17,11482435,rs935427128
17,11482501,rs553353516
17,11482573,rs4792143
17,11482619,rs113077881
17,11482620,rs994435127
17,11482621,rs1023267557
17,11973840,rs34037733
17,17640408,rs12936587
17,17689935,rs72836878
17,17689970,rs9897150
17,17690105,rs114415622
17,17690115,rs1475159029
17,17690139,rs9897596
17,20677798,rs138399797
17,21733020,rs1270432408
17,21733058,rs1206157973
17,21733075,rs1409174952
17,21733082,rs1299685887
17,28836583,rs906163421
17,34185185,rs141366673
17,34186936,rs376271387
17,34186970,rs1429900721
17,34186997,rs1458882386
17,34187059,rs11651200
17,37736488,rs757211
17,37736525,rs757210
17,39657503,rs2145009292
17,39657603,rs11869286
17,43983263,rs62080325
17,43983414,rs2048895821
17,46935768,rs572099939
17,46935905,rs17608766
17,46935940,rs1290837359
17,47347650,rs75830800
17,47347706,rs971252949
17,47347749,rs7206971
17,47347778,rs3851808
17,47647534,rs935192297
17,47647630,rs8065669
17,47647773,rs965513255
17,49046061,rs4643373
17,49325354,rs6504605
17,49325445,rs12940887
17,61209147,rs1046615727
17,61209182,rs11296492
17,61209283,rs8068952
17,68879129,rs6501835
17,68879153,rs4148008
17,76607909,rs9896226
17,76609729,rs9747720
17,76609731,rs9747721
17,76609779,rs1164159853
17,76609791,rs1282035677
17,77321094,rs73371416
17,77321103,rs76644469
17,77321133,rs577143273
17,77321218,rs57927100
17,77321306,rs58152676
17,78407779,rs4365353
17,78407842,rs56101241
17,78407903,rs4129767
17,78407978,rs1266253601
17,80227755,rs6565652
17,80227896,rs553075679
17,80227984,rs6565653
17,80228015,rs575577412
17,80397633,rs117526444
18,12552697,rs2144328627
18,12552700,rs947763414
18,35735637,rs72891691
18,35735647,rs11081916
18,42992786,rs12968726
18,42994819,rs1335285449
18,42994897,rs188911450
18,42994913,rs895077957
18,42994914,rs185381445
18,49634444,rs7228085
18,49634583,rs7241918
18,49634680,rs980241017
18,49655177,rs143019724
18,49655198,rs1557395
18,49655210,rs73961115
18,49655221,rs551506731
18,49655298,rs2156552
18,49655319,rs138535227
18,49655348,rs141607720
18,56419254,rs1418456391
18,56419259,rs2022417354
18,56419390,rs186211
18,57068600,rs7506035
18,57068648,rs9952329
18,60181790,rs12967135
19,10223767,rs2116941
19,10223802,rs545591591
19,10223853,rs779243053
19,11052720,rs567771374
19,11052736,rs556925076
19,11052886,rs1529729
19,11052925,rs1122608
19,11053013,rs4300767
19,11053034,rs936910360
19,11091518,rs141787760
19,11091630,rs6511720
19,11091680,rs375480781
19,11100222,rs879254397
19,11100236,rs2228671
19,11100299,rs1250260327
19,11100303,rs137853960
19,11100321,rs878854026
19,11102594,rs575172638
19,11102603,rs922966892
19,11102855,rs56084625
19,11102889,rs972865018
19,11105170,rs10423288
19,11105213,rs1329801376
19,11105469,rs1384103494
19,11105493,rs778588186
19,11105495,rs730882085
19,11105517,rs879254592
19,11105623,rs1339158763
19,11105624,rs370252608
19,11236817,rs737337
19,11236849,rs199838752
19,11236874,rs540005315
19,11236922,rs78327524
19,17595311,rs147520049
19,17595328,rs35562941
19,17597204,rs57802496
19,17597208,rs566744152
19,17597235,rs35663864
19,19269561,rs1431087169
19,19269704,rs187429064
19,19269754,rs201189528
19,19269787,rs72999063
19,19269811,rs1456806383
19,19269837,rs2074299
19,19269841,rs1599837995
19,19296909,rs10401969
19,28433570,rs149167443
19,28433622,rs909657931
19,36159145,rs143148224
19,36159197,rs148467865
19,36159233,rs12611352
19,36159234,rs1043437881
19,36263299,rs12985455
19,41348419,rs200652346
19,43325400,rs910775935
19,44908559,rs1183932967
19,44908751,rs28931578
19,44908780,rs1377830202
19,44908786,rs121918394
19,44908822,rs7412
19,44908847,rs981058595
19,44912234,rs117650633
19,44912383,rs445925
19,44912456,rs10414043
19,44919542,rs72654458
19,44919589,rs56131196
19,44931603,rs894083014
19,46275058,rs201064078
19,46275060,rs993780746
19,48703026,rs376670205
19,48703160,rs492602
19,48703167,rs575344194
19,48703194,rs143120145
19,48703205,rs681343
19,48703267,rs149356814
19,48703291,rs200157007
19,52629764,rs2060882998
19,53835251,rs796208315
19,53835253,rs1351906871
19,53835259,rs374269061
19,53835264,rs4268865
19,53835299,rs199800069
19,53835307,rs200698943
19,53835317,rs1469457317
19,53835338,rs1434732371
19,53835362,rs201398141
19,55126716,rs146701852
19,57815586,rs10403095
20,10688450,rs992360952
20,10688470,rs1600202414
20,10688493,rs143694672
20,10688540,rs2206815
20,10988243,rs2104574
20,10988276,rs759883761
20,10988382,rs1327235
20,10988447,rs72525425
20,10988450,rs1298009423
20,10988475,rs972129436
20,10988476,rs918229169
20,10988477,rs1979095279
20,12344011,rs191407761
20,12757659,rs6033511
20,12757706,rs7267653
20,12757714,rs28848891
20,12757715,rs142833226
20,13360712,rs139572944
20,13360732,rs4629226
20,13360745,rs4502495
20,13360805,rs146286138
20,15149485,rs35319766
20,15149581,rs456475
20,15149587,rs145241290
20,15149623,rs459800
20,15149649,rs773662505
20,15149652,rs142297284
20,15151571,rs1743477
20,15151590,rs1743478
20,15151623,rs4814345
20,18519287,rs6075353
20,18519340,rs6075354
20,19485132,rs9679802
20,19485262,rs1380384779
20,19485263,rs6081613
20,19753128,rs202193001
20,19753129,rs1348858162
20,35564768,rs55799727
20,35564858,rs143666729
20,35564866,rs2277862
20,35564922,rs1207709473
20,38594289,rs6064747
20,40462647,rs78955232
20,40462847,rs2902940
20,40462874,rs2902941
20,40602374,rs1984836659
20,40602461,rs77396602
20,40602466,rs6124255
20,40602478,rs6129648
20,41043806,rs79839855
20,41043837,rs2033298706
20,41043978,rs6029526
20,41168744,rs1414064378
20,41168761,rs1290785527
20,41168825,rs753381
20,44318212,rs12625794
20,44318326,rs6017317
20,44318421,rs911491672
20,44351775,rs1884613
20,44351879,rs1884614
20,44357077,rs2144908
20,44360627,rs4812829
20,44360635,rs57151412
20,44413647,rs190319886
20,44413660,rs112708220
20,44413724,rs1800961
20,44413767,rs113308087
20,44413818,rs1415090764
20,44413846,rs770503108
20,44674508,rs4812845
20,45587934,rs3091493
20,45587945,rs3091923
20,45588050,rs3091533
20,45588055,rs922476816
20,45925243,rs968065675
20,45925269,rs6104398
20,45925297,rs185064081
20,45925305,rs1441073061
20,45925327,rs971195475
20,45925376,rs6065906
20,59175908,rs573663902
20,59175941,rs80195352
20,59176062,rs6015450
21,9637592,rs1191960200
21,9637593,rs1266355980
21,9637644,rs1415893818
21,9637651,rs1385837420
21,9848186,rs28799614
21,9848187,rs1839681
21,16896330,rs1365347188
21,16896350,rs141025057
21,16915861,rs143804755
21,16915903,rs2123052434
21,16916045,rs73372709
21,16917939,rs144831821
21,16917950,rs77229932
21,16917951,rs74960330
21,16917999,rs142784623
21,16918003,rs112156029
21,26229723,rs1336271235
21,34221526,rs28451064
21,34226827,rs9982601
21,34226913,rs1406501963
21,37588678,rs1424902121
21,37588689,rs565641824
21,37588691,rs2123332285
21,37588700,rs1601376422
21,37588762,rs933291548
21,37590821,rs60910109
21,39134887,rs2146380625
21,39135003,rs73217539
21,40958599,rs12329675
21,40958612,rs1979923015
21,40958727,rs143332763
21,40958731,rs1047818807
21,40958744,rs12329735
21,40958747,rs1601148295
21,42802709,rs138469847
21,42802713,rs144285724
21,42802722,rs113163183
21,42802849,rs35483839
21,42804824,rs565889330
22,19980285,rs55812801
22,19980457,rs12628032
22,19980499,rs1041436146
22,21577702,rs753681658
22,21577779,rs181362
22,21577828,rs193275728
22,21577931,rs1927404444
22,25709880,rs144369086
22,25709939,rs777405800
22,32506489,rs28881856
22,32506536,rs1255218186
22,32506549,rs28845789
22,32506567,rs2149019440
22,38149884,rs132940
22,38149935,rs132941
22,38150026,rs5756931
22,38150068,rs1401248928
22,38150071,rs1005719247
22,38150073,rs1016391333
22,38150075,rs961861835
22,38150083,rs971707340
22,41642782,rs73161324
22,41642787,rs575399243
23,3555013,rs373988921
23,3555088,rs866351725
23,3555089,rs11798420
23,3555106,rs1245554573
23,3555108,rs1489645442
23,4895380,rs753801758
23,6274138,rs944888863
23,6274210,rs1410855358
23,6274211,rs912627406
23,16046652,rs11094688
23,30452795,rs145119135
23,31379385,rs150251832
23,50480226,rs145892353
23,50480373,rs5915248
23,64652980,rs1038603195
23,64653004,rs1289447556
23,64653014,rs971587299
23,64653031,rs1221921974
23,73357996,rs762417779
23,73358011,rs139771165
23,73358025,rs73227708
23,73358104,rs5938976
23,73358205,rs2493426
23,73358221,rs980062409
23,87685537,rs1160531838
23,87685543,rs1408886385
23,87685564,rs1331143203
23,87685593,rs1448608789
23,90775314,rs12688094
23,92102137,rs555242946
23,92102179,rs113421145
23,93026639,rs1921401189
23,96480196,rs5990580
23,96480265,rs1484854676
23,98526204,rs144160142
23,98526218,rs372434132
23,99161160,rs879139225
23,99163195,rs1010167175
23,99163196,rs1383581880
23,99163269,rs190698795
23,103433300,rs1392720559
23,103433308,rs1433625265
23,103433309,rs11533174
23,103433336,rs1434619867
23,103433356,rs1437179791
23,103433384,rs1370171077
23,103433386,rs2072226787
23,109180302,rs1477268738
23,109180303,rs187697709
23,114470502,rs145342280
23,114603235,rs1271254108
23,114603267,rs868959369
23,116170925,rs1602585482
23,116170939,rs1403543
23,117421610,rs60118276
23,117421613,rs61198707
23,117421634,rs59414348
23,119319745,rs1932006836
23,119319793,rs1932007438
23,122225796,rs5957927
23,122225816,rs60885159
23,142230548,rs5954581
23,142230562,rs62613625
23,153634297,rs55909671
23,153634369,rs548038360
23,153634375,rs60186537
23,153634467,rs5945326
23,153634538,rs147045032
187420,381844,rs2087837322
187420,381845,rs2087837327
187420,381848,rs2087837335
187420,381856,rs2087837342
187420,381883,rs2087837353
187420,381893,rs2087837370
187420,381903,rs2087837375
14040929,162920,rs4452073
14040929,162933,rs150394753
14040929,162934,rs138217270
187614,1975580,rs757210
