"","alleles","major.allele.freq","HWE","missing"
"rs225131","T/C",70,0.604778,0
"rs225132","T/G",70,0.604778,0
"rs17367504","A/G",80.6,1,0
"rs2024758","G/A",52.5,0.658966,0
"rs848309","C/T",55,0.656783,0
"rs10903129","A/G",58.8,0.164366,0
"rs12027110","A/T",58.8,0.643767,0
"rs12027135","A/T",58.8,0.354614,0
"rs4360494","G/C",50.6,0.268682,0
"rs4660293","A/G",77.5,0.526798,0
"rs11577368","C/A",76.9,1,0
"rs2253467","C/G",65,1,0
"rs2253466","T/C",65,1,0
"rs2495497","C/T",71.2,0.271689,0
"rs11206510","T/C",93.1,1,0
"rs2479409","A/G",57.5,0.169402,0
"rs11583680","C/T",90,0.564838,0
"rs505151","A/G",94.4,1,0
"rs77627215","G/A",96.9,1,0
"rs356082","G/A",98.8,1,0
"rs753214","T/A",56.2,0.652253,0
"rs112557609","G/A",73.1,0.251988,0
"rs17114036","A/G",95,0.167797,0
"rs9970807","C/T",94.4,0.211597,0
"rs3889199","A/G",81.9,0.272169,0
"rs2131925","T/G",63.1,0.231176,0
"rs12749263","T/C",83.8,0.679831,0
"rs3850634","T/G",66.2,0.451608,0
"rs7515577","A/C",91.9,0.411066,0
"rs658437","A",100,NA,0
"rs658435","C/T",98.1,1,0
"rs629301","T/G",78.8,1,0
"rs646776","T/C",78.8,1,0
"rs151225273","A/G",99.4,1,0
"rs602633","G/T",80.6,1,0
"rs12044963","G/T",80.6,0.722446,0
"rs2932538","G/A",81.9,0.71231,0
"rs12753465","C/T",66.9,0.80394,0
"rs12122341","C/G",87.5,0.341431,0
"rs11810571","G/C",78.8,1,0
"rs6689306","G/A",55.6,0.501979,0
"rs12118721","C/T",56.9,1,0
"rs13376333","C/T",88.8,1,0
"rs1218571","G",100,NA,0
"rs2852634","T/C",69.4,1,0
"rs2779116","C/T",70,0.604778,0
"rs1046712","G/T",90,0.564838,0
"rs1800594","A/G",58.8,0.354614,0
"rs4656762","T/C",75,0.23725,0
"rs588837","G/A",68.8,0.116863,0
"rs10911021","C/T",68.1,0.194917,0
"rs1689800","A/G",66.9,0.12812,0
"rs4245712","T/G",54.4,0.366024,0
"rs340874","T/C",50,1,0
"rs2642438","G/A",81.9,1,0
"rs144056103","C/T",99.4,1,0
"rs17850677","T/A",98.8,1,0
"rs2642442","T/C",79.4,0.501012,0
"rs17465637","C/A",70.6,0.789281,0
"rs67180937","G/T",79.4,1,0
"rs4846914","G/A",56.9,0.649791,0
"rs699","G/A",67.5,0.205304,0
"rs4762","G/A",83.8,0.419983,0
"rs558971","G/A",63.7,0.231835,0
"rs514230","T/A",62.5,0.231561,0
"rs7128307","A/T",77.5,1,0
"rs117601636","A/G",95,1,0
"rs141879881","G/A",99.4,1,0
"rs231362","G/A",74.4,0.375533,0
"rs2283183","G/T",94.4,1,0
"rs231361","A/G",50.6,0.04584,0
"rs231356","T/A",55.6,0.650338,0
"rs77450170","G/C",88.8,1,0
"rs163182","G/C",53.1,0.003836,0
"rs163184","G/T",51.9,0.024206,0
"rs2283228","A/C",84.4,1,0
"rs2237895","A/C",60.6,0.0045,0
"rs60808706","G/A",86.9,0.343014,0
"rs2237896","G/A",88.8,0.58614,0
"rs2237897","C/T",87.5,0.598948,0
"rs7129220","G/A",96.9,1,0
"rs2923084","A/G",70.6,0.28199,0
"rs3993105","T/C",60,1,0
"rs7926712","G/A",60,0.641417,0
"rs381815","C/T",78.8,0.501179,0
"rs5215","T/C",56.2,0.820518,0
"rs5219","C/T",56.2,0.820518,0
"rs757110","A/C",56.9,0.363513,0
"rs10128711","C/T",63.7,0.14481,0
"rs10832962","T/C",63.1,0.231176,0
"rs11605924","A/C",52.5,0.37711,0
"rs3136439","T/C",93.8,0.258588,0
"rs3136520","C/T",96.9,1,0
"rs3136441","T/C",70,0.115523,0
"rs174546","C/T",63.7,0.811178,0
"rs174556","C/T",67.5,1,0
"rs1552224","A/C",88.1,0.070444,0
"rs2289125","C/A",64.4,0.463076,0
"rs1387153","C/T",65,0.622932,0
"rs1374645","C/T",96.2,1,0
"rs10830963","C/G",68.8,0.296806,0
"rs633185","C/G",58.8,0.498172,0
"rs2019090","T/A",64.4,0.634976,0
"rs34894449","T/C",78.8,1,0
"rs2128739","C/A",63.1,1,0
"rs2839812","A/T",63.7,0.811178,0
"rs11212617","A/C",55,0.497137,0
"rs9326246","G/C",81.2,0.456886,0
"rs964184","C/G",78.1,0.509919,0
"rs2266788","A/G",83.1,0.685856,0
"rs572884","A/G",86.2,0.155393,0
"rs572862","A/G",86.2,0.155393,0
"rs8258","T/C",53.8,0.378333,0
"rs7121446","G/A",86.9,0.613724,0
"rs61903713","C/T",98.8,1,0
"rs7941030","T/C",66.2,0.802107,0
"rs7952602","G/C",82.5,0.696878,0
"rs11220462","G/A",80,0.501653,0
"rs77446482","C/G",93.1,1,0
"rs11222084","A/T",74.4,0.037079,0
"rs140514454","C/T",99.4,1,0
"rs7241918","T/G",91.2,1,0
"rs2156552","T/A",86.9,0.343014,0
"rs8017377","G/A",68.1,0.194917,0
"rs181160538","C/A",98.8,1,0
"rs11627184","C/T",66.2,0.208585,0
"rs12435908","C/A",78.1,0.509919,0
"rs11627185","A/G",65,0.223099,0
"rs1005224","A/T",61.3,0.032565,0
"rs1465330","T/A",57.5,0.495925,0
"rs12434998","T/C",63.1,0,0
"rs9323988","T/C",68.1,0.010144,0
"rs9323989","T/C",68.1,0.010144,0
"rs9323990","G/A",68.1,0.010144,0
"rs4433740","G",100,NA,0
"rs10139550","C/G",61.9,1,0
"rs78677915","C/T",96.9,1,0
"rs1107852","T/A",58.1,1,0
"rs1107851","T/C",57.5,0.111371,0
"rs2289081","G/C",54.4,0.269081,0
"rs585967","C",100,NA,0
"rs668948","A",100,NA,0
"rs766023543","G",100,NA,0
"rs1260326","C/T",58.8,0.643767,0
"rs780094","C/T",60.6,0.484381,0
"rs7578597","T/C",88.1,1,0
"rs4299376","T/G",78.1,1,0
"rs6544713","C/T",78.8,0.743537,0
"rs11690961","A/C",95,1,0
"rs13407662","C/T",99.4,1,0
"rs243021","A/G",63.7,0.093863,0
"rs6545968","A/C",60.6,0.640752,0
"rs11125936","T/C",81.9,0.44593,0
"rs143112221","T/C",98.8,1,0
"rs1009358","T/C",61.9,0.246772,0
"rs10176176","A/T",53.1,0.652801,0
"rs1254898","C/T",74.4,0.249715,0
"rs7568458","T/A",55,0.656783,0
"rs7570971","A/C",91.9,1,0
"rs7593730","C/T",83.1,0.685856,0
"rs560887","C",100,NA,0
"rs552976","G",100,NA,0
"rs2287623","A/G",53.8,1,0
"rs1250259","A/T",76.2,0.75968,0
"rs1250229","C/T",76.2,0.75968,0
"rs7578326","A/G",77.5,0.526798,0
"rs2943641","C/T",78.1,0.509919,0
"rs2972146","T/G",76.9,0.110731,0
"rs13003675","C/T",63.7,0.811178,0
"rs41266971","A/C",93.1,1,0
"rs2975760","T/C",86.9,0.613724,0
"rs3792267","G/A",80,1,0
"rs5030952","C/T",81.2,0.725487,0
"rs6437351","C/G",78.1,0.046886,0
"rs9369640","A/C",73.1,1,0
"rs1537341","T/C",98.8,1,0
"rs9349379","A/G",50,0.376406,0
"rs149168431","A/G",94.4,1,0
"rs12526453","C/G",75.6,0.541537,0
"rs9367262","G/A",92.5,1,0
"rs3757354","C/T",64.4,0.054659,0
"rs9295474","C/G",68.1,0.314867,0
"rs9295475","A/G",71.9,0.405559,0
"rs4712523","A/G",64.4,1,0
"rs4712524","A/G",63.7,0.811178,0
"rs10946398","A/C",64.4,1,0
"rs145877493","A/C",99.4,1,0
"rs7754840","G/C",65,1,0
"rs7756992","A/G",63.7,0.093863,0
"rs35612982","T/C",70,0.179777,0
"rs7766070","C/A",66.9,0.31137,0
"rs10440833","T/A",68.8,0.602389,0
"rs9465871","T/C",65.6,0.084501,0
"rs6909752","G/A",71.2,1,0
"rs1799945","C/G",91.9,0.411066,0
"rs2814943","G/A",89.4,0.036229,0
"rs2814944","G/A",88.1,0.070444,0
"rs12205331","C/T",84.4,0.088533,0
"rs2916260","C/T",86.2,0.633177,0
"rs699947","C/A",69.4,0.794655,0
"rs9472138","C/T",82.5,0.696878,0
"rs556621","G/T",53.8,0.821715,0
"rs556512","G/A",53.1,0.652801,0
"rs115875593","T/A",98.1,1,0
"rs783396","C/A",91.9,0.073295,0
"rs9488822","A/T",72.5,0.098133,0
"rs12523888","T/C",74.4,0.249715,0
"rs11154027","C/T",68.1,1,0
"rs9372676","C/T",51.2,0.501547,0
"rs12190287","C/G",59.4,0.36188,0
"rs7766238","G/A",89.4,1,0
"rs9376090","T/C",76.2,1,0
"rs605066","T/C",50.6,1,0
"rs6902664","A/G",90.6,1,0
"rs6922248","G/A",80,0.724597,0
"rs6922269","G/A",81.2,0.281502,0
"rs6907487","T/A",81.2,0.281502,0
"rs449789","G/C",85,0.197155,0
"rs11753995","G/A",89.4,0.589014,0
"rs1564348","T/C",90.6,1,0
"rs609468","C/T",64.4,0.341314,0
"rs2048327","T/C",76.2,0.358954,0
"rs7770628","T/C",70.6,0.590956,0
"rs6941513","G/A",59.4,0.36188,0
"rs1322639","A/G",76.9,0.751741,0
"rs9689079","G/A",76.9,0.751741,0
"rs4721377","T/C",78.1,1,0
"rs2191348","T/G",65,0.466111,0
"rs2191349","T/G",65,0.466111,0
"rs10486776","G/A",92.5,1,0
"rs12669789","T/C",82.5,0.443359,0
"rs2107595","G/A",64.4,0.463076,0
"rs10230207","T/G",53.8,0.378333,0
"rs114369653","A/C",97.5,1,0
"rs12670798","T/C",75.6,1,0
"rs864745","T/C",63.1,1,0
"rs849134","A/G",62.5,1,0
"rs1267993784","C/T",99.4,1,0
"rs849135","G/A",71.2,0.789544,0
"rs76206723","G/A",80.6,0.722446,0
"rs4607517","G/A",85,0.682682,0
"rs2072183","G/C",69.4,0.019222,0
"rs41279633","G/T",91.2,1,0
"rs17145738","C/T",81.2,0.725487,0
"rs776746","C/T",85.6,0.193272,0
"rs17477177","T/C",76.2,0.127175,0
"rs3807990","C/T",73.8,0.07853,0
"rs2233580","C/T",98.1,1,0
"rs11556924","C/T",78.1,0.750661,0
"rs972283","G/A",57.5,0.820518,0
"rs2070744","T/C",81.2,0.456886,0
"rs149539813","G",100,NA,0
"rs1799983","G/T",83.1,0.449313,0
"rs11257655","C/T",58.1,0.173468,0
"rs11593567","A/G",60,0.35126,0
"rs10906115","A/G",63.1,0.473472,0
"rs11257677","G/A",91.2,1,0
"rs12779790","A/G",84.4,1,0
"rs4373814","G/C",55.6,0.173085,0
"rs1813353","T/C",69.4,0.291238,0
"rs9337951","G/A",81.2,1,0
"rs1887318","C/T",68.8,1,0
"rs2505083","T/C",71.2,1,0
"rs10826995","T/C",80,1,0
"rs1147913","C/T",99.4,1,0
"rs1870634","G/T",66.2,0.077315,0
"rs1746048","C/T",66.9,0.31137,0
"rs10761731","A/T",52.5,0.500436,0
"rs10997927","T/A",74.4,1,0
"rs1111875","T/C",55,1,0
"rs5015480","T/C",60,0.35126,0
"rs7087591","A/G",55.6,0.501979,0
"rs932764","G/A",51.2,0.658596,0
"rs1004467","A/G",80,0.286494,0
"rs12413409","G/A",85.6,0.656467,0
"rs11191548","T/C",85.6,0.656467,0
"rs10883903","A/G",70.6,0.421353,0
"rs2255141","G/A",81.2,0.456886,0
"rs2419604","G/A",82.5,1,0
"rs12412743","C/T",79.4,1,0
"rs34872471","T/C",77.5,0.20677,0
"rs7901695","T/C",76.9,0.341013,0
"rs4506565","A/T",76.9,0.110731,0
"rs7903146","C/T",78.8,0.173401,0
"rs12255372","G/T",74.4,0.037079,0
"rs10886471","C/T",63.1,0.054623,0
"rs12425791","G/A",71.2,0.423508,0
"rs5443","C/T",63.1,0.337953,0
"rs4883201","A/G",75.6,1,0
"rs55710456","G/A",89.4,0.589014,0
"rs10770612","A/G",80.6,0.155384,0
"rs7134375","C/A",60.6,0.640752,0
"rs4149056","T/C",90.6,1,0
"rs4149057","T/C",51.9,0.024206,0
"rs2291075","C/T",66.9,0.80394,0
"rs1153188","A/T",91.2,0.463149,0
"rs11613352","C/T",88.8,0.58614,0
"rs2229357","G/A",90.6,0.514628,0
"rs1920090","C/T",81.9,0.71231,0
"rs1122590","A/G",80.6,0.722446,0
"rs1531343","G/C",80.6,0.722446,0
"rs2260671","G/A",86.9,0.613724,0
"rs1495377","C/G",60.6,1,0
"rs7961581","T/C",73.1,0.567788,0
"rs17226954","A/G",95,1,0
"rs2681472","A/G",68.8,1,0
"rs17249754","G/A",67.5,0.800241,0
"rs7134594","C/T",56.2,1,0
"rs3184504","C/T",77.5,0.20677,0
"rs653178","T/C",76.9,0.341013,0
"rs2238151","C/T",60,0.81767,0
"rs17696736","A/G",78.8,0.327845,0
"rs11066188","G/A",79.4,0.302812,0
"rs11066320","G/A",78.8,0.327845,0
"rs10850411","C/T",54.4,0.366024,0
"rs10735087","T/C",70,0.78939,0
"rs1169289","G/C",53.8,0.498836,0
"rs1169288","A/C",53.8,0.659788,0
"rs2244608","A/G",55,1,0
"rs2259820","C/T",56.2,0.652253,0
"rs2464196","G/A",55.6,0.501979,0
"rs4765127","G/T",66.2,0.802107,0
"rs11057830","G/A",90,1,0
"rs7034200","C/A",55.6,0.262646,0
"rs184604156","C/T",99.4,1,0
"rs581080","C/G",83.8,1,0
"rs564398","T/C",71.2,0.182734,0
"rs10965227","A/G",75,0.077009,0
"rs6475606","T/C",56.2,0.255993,0
"rs1537370","T/C",54.4,0.06985,0
"rs4977574","A/G",52.5,1,0
"rs2891168","A/G",53.8,1,0
"rs10757277","A/G",53.1,1,0
"rs10811656","C/T",58.8,0.643767,0
"rs10757278","A/G",53.8,1,0
"rs1333047","T/A",54.4,1,0
"rs1333049","G/C",51.2,0.822816,0
"rs7020996","C/T",82.5,0.241899,0
"rs10965241","G/C",81.2,0.725487,0
"rs2383208","A/G",82.5,1,0
"rs7045889","A/G",57.5,0.111371,0
"rs10811660","G/A",81.2,0.725487,0
"rs10811661","T/C",81.9,1,0
"rs12555274","G/C",66.2,0.451608,0
"rs1333051","A/T",89.4,0.589014,0
"rs36119074","T/C",81.9,1,0
"rs13292136","C/T",85.6,1,0
"rs2230808","C/T",63.7,0.473407,0
"rs2853579","G/T",58.8,1,0
"rs1883025","C/T",75,1,0
"rs964008862","A/C",55.6,0,0
"rs989905020","T/G",54.4,0,0
"rs947073006","G",100,NA,0
"rs579459","T",100,NA,0
"rs635634","C",100,NA,0
"rs2206815","C/A",50.6,1,0
"rs1327235","A/G",50.6,0.825135,0
"rs1380384779","C/T",99.4,1,0
"rs6081613","G/A",58.8,0.821428,0
"rs143666729","A/T",99.4,1,0
"rs2277862","C/T",79.4,0.501012,0
"rs2902940","A/G",77.5,0.20677,0
"rs2902941","A/G",71.9,0.051327,0
"rs6124255","C/T",63.7,0.051041,0
"rs6129648","A/G",60,0.104883,0
"rs6029526","A/T",51.2,0.501547,0
"rs753381","C/T",60.6,0.350093,0
"rs12625794","C/T",87.5,1,0
"rs6017317","T/G",65.6,1,0
"rs1884613","C/G",73.1,0.567788,0
"rs2144908","G/A",73.1,0.567788,0
"rs4812829","G/A",73.1,0.567788,0
"rs57151412","A/G",80.6,0.722446,0
"rs1800961","C/T",95,1,0
"rs6065906","T/C",88.8,1,0
"rs6015450","A/G",93.1,1,0
"rs4304924","G/A",59.4,0.816403,0
"rs2147980","C",100,NA,0
"rs11617955","T/A",92.5,1,0
"rs55940034","A/G",85,0.197155,0
"rs35549742","C/T",87.5,0.598948,0
"rs7998202","A/G",87.5,0.598948,0
"rs4961","G/T",70.6,0.590956,0
"rs6818397","G/T",56.9,0.111034,0
"rs4458523","G/T",65,0.622932,0
"rs4342257","C/G",68.8,0.116863,0
"rs9998519","T/C",68.8,0.296806,0
"rs10010131","G/A",68.8,0.296806,0
"rs1801214","T/C",68.8,0.116863,0
"rs871606","T/C",75.6,0.541537,0
"rs2412772","C/T",52.5,0.37711,0
"rs72627509","C/G",67.5,0.075947,0
"rs1458038","C/T",71.9,0.051327,0
"rs7654755","G/A",91.9,1,0
"rs10857147","A/T",77.5,0.20677,0
"rs4693075","C/G",61.3,0.641775,0
"rs442177","T/G",61.3,1,0
"rs2231142","G/T",82.5,0.01111,0
"rs13107325","C/T",96.9,1,0
"rs2129570","T/C",64.4,0.220523,0
"rs1963559","T/C",53.1,0.652801,0
"rs1016612654","G",100,NA,0
"rs1984861","T/C",81.2,0.725487,0
"rs1470618","C/T",85,0.682682,0
"rs1448811","G/C",66.2,1,0
"rs2200733","C/T",83.1,0.685856,0
"rs1906599","C/T",65.6,0.80574,0
"rs28681402","G/T",63.1,0.632112,0
"rs7678555","A/C",73.1,0.158942,0
"rs7678743","G/A",74.4,0.249715,0
"rs4593108","C/G",70.6,0.056954,0
"rs6841581","G/A",85,0.682682,0
"rs78049276","A/C",85,0.682682,0
"rs2306556","A/G",81.9,0.71231,0
"rs12643599","A/G",64.4,0.463076,0
"rs72689147","G/T",82.5,0.696878,0
"rs13139571","C/A",77.5,0.20677,0
"rs1566497","C/A",76.9,0.341013,0
"rs17059668","C/G",75.6,0.220181,0
"rs7692395","T/G",89.4,0.202204,0
"rs115226000","A/G",99.4,1,0
"rs7616006","A/G",58.8,0.041471,0
"rs1801282","C/G",86.9,1,0
"rs2290159","G/C",85,0.012036,0
"rs6780569","G/A",85,1,0
"rs7612463","C/A",88.8,0.245314,0
"rs13082711","T/C",88.1,0.291946,0
"rs3774372","T/C",78.8,0.743537,0
"rs4855877","C/T",57.5,1,0
"rs7623687","A/C",83.1,0.685856,0
"rs4855876","T",100,NA,0
"rs4607103","C/T",58.1,0.249526,0
"rs11708067","A/G",81.9,1,0
"rs645040","T/G",84.4,0.390066,0
"rs3872588","A/G",93.8,0.258588,0
"rs9818870","C/T",90,0.564838,0
"rs16851055","G/A",90,0.163151,0
"rs1544904","C",100,NA,0
"rs5186","A/C",90,1,0
"rs12493885","C",100,NA,0
"rs419076","C/T",61.3,0.641775,0
"rs448378","A/G",61.3,0.641775,0
"rs11927381","T/C",72.5,1,0
"rs4402960","G/T",66.2,0.451608,0
"rs1470579","A/C",65.6,1,0
"rs6769511","T/C",65.6,1,0
"rs9837654","G/A",72.5,0.779074,0
"rs1374910","C/T",93.1,0.308015,0
"rs4686698","G/A",95,1,0
"rs6444083","C/G",66.2,1,0
"rs2241766","T/G",77.5,0.332912,0
"rs1501299","G/T",75.6,0.031393,0
"rs7403531","C/T",68.8,0.036121,0
"rs2929282","A/T",95.6,1,0
"rs35679977","C/T",74.4,0.768239,0
"rs7165301","T/C",88.1,0.291946,0
"rs34780867","T/G",72.5,0.580596,0
"rs1532085","A/G",51.9,0.369499,0
"rs12185072","C/T",73.8,0.775055,0
"rs1077835","A/G",74.4,0.375533,0
"rs1077834","T/C",74.4,0.375533,0
"rs7172432","A/G",63.7,0.811178,0
"rs72743461","C/A",90.6,0.128536,0
"rs1866317","G/C",87.5,0.341431,0
"rs35331038","G/A",95.6,1,0
"rs1378942","C/A",63.7,0.231835,0
"rs1994016","C/T",71.9,0.58595,0
"rs1994017","C/T",78.1,0.509919,0
"rs61752773","C/T",96.9,1,0
"rs3825807","A/G",67.5,0.308123,0
"rs7164479","T/C",64.4,0.341314,0
"rs7165042","G/C",62.5,0.638471,0
"rs7165081","G/C",61.9,0.816959,0
"rs7173743","T/C",63.1,1,0
"rs11634397","A/G",59.4,1,0
"rs8042680","A/C",56.9,0.495859,0
"rs28505924","G/C",73.1,1,0
"rs2281727","A/G",69.4,1,0
"rs13342692","T/C",88.8,0.051317,0
"rs117767867","C/T",90,0.564838,0
"rs4792143","C/T",81.9,0.71231,0
"rs12936587","G/A",66.2,0.624764,0
"rs9897150","T/C",92.5,1,0
"rs114415622","C/T",98.8,1,0
"rs9897596","T/C",70.6,0.590956,0
"rs757211","T/C",88.8,0.000393,0
"rs757210","C",100,NA,0
"rs11869286","C/G",74.4,0.037079,0
"rs62080325","A/G",82.5,0.443359,0
"rs17608766","T/C",93.1,0.308015,0
"rs7206971","G/A",59.4,0.002256,0
"rs3851808","T/C",58.8,0.019882,0
"rs8065669","G/A",55,0.112291,0
"rs4643373","T/C",76.9,0.341013,0
"rs12940887","C/T",85,1,0
"rs8068952","C/G",82.5,1,0
"rs6501835","C/G",86.9,1,0
"rs4148008","C/G",65,1,0
"rs57927100","C/G",86.9,0.023316,0
"rs56101241","G/C",95,1,0
"rs4129767","G/A",56.2,0.367053,0
"rs6565653","G/T",76.2,1,0
"rs4975709","A/C",75,0.766355,0
"rs1173771","G/A",66.2,0.022532,0
"rs6450176","G/A",70.6,1,0
"rs9686661","C/T",86.9,0.613724,0
"rs3846662","A/G",51.9,0.369499,0
"rs12916","T/C",56.9,0.820518,0
"rs4457053","A/G",81.2,0.725487,0
"rs10057188","G/A",61.9,0.152802,0
"rs1013168","A/G",73.8,1,0
"rs72798854","G/A",77.5,1,0
"rs6882076","C/T",68.1,0.314867,0
"rs31864","A/G",61.9,0.3414,0
"rs4240624","A/G",53.8,0.821715,0
"rs4921913","T/C",58.1,0.650534,0
"rs4921914","T/C",57.5,0.820518,0
"rs4921915","A/G",58.8,0.821428,0
"rs1495741","A/G",59.4,0.485862,0
"rs1495742","C/T",63.7,0.014275,0
"rs264","G/A",86.2,0.155393,0
"rs34770253","T/C",88.1,0.291946,0
"rs2083636","T/G",78.8,0.743537,0
"rs6557876","C/T",68.8,0.797662,0
"rs516946","C/T",85,1,0
"rs4737009","G/A",71.2,0.09741,0
"rs4737010","G/A",71.2,0.09741,0
"rs10090994","C/T",53.1,0.825558,0
"rs2081687","C/T",63.7,1,0
"rs4738684","G/A",61.9,0.816959,0
"rs896854","C/T",55,0.821022,0
"rs35783704","G/A",96.2,1,0
"rs2293889","G/T",64.4,0.634976,0
"rs2737252","G/A",81.2,0.456886,0
"rs2737253","G/A",70,1,0
"rs13266634","C/T",71.9,0.58595,0
"rs3802177","G/A",72.5,0.779074,0
"rs2466295","T/C",73.1,0.158942,0
"rs2466294","G/C",65.6,0.620916,0
"rs2071518","C/T",73.8,0.563744,0
"rs2980853","A/C",61.3,0.641775,0
"rs16900615","C/G",94.4,1,0
"rs2001846","T/C",54.4,0.65151,0
"rs2954029","A/T",61.3,0.641775,0
"rs4454254","A/G",52.5,0.658966,0
"rs1799998","A/G",53.8,0.378333,0
"rs11136341","A/G",78.8,0.743537,0
"rs5915248","G",100,NA,0
"rs5938976","T",100,NA,0
"rs5990580","T",100,NA,0
"rs1403543","A/G",61.3,0.004984,0
"rs5945326","A/G",71.9,0.002248,0
"rs11649653","G/C",61.9,0.055984,0
"rs1421085","T/C",66.2,0.802107,0
"rs8050136","C/A",68.1,1,0
"rs9936385","T/C",68.1,0.615224,0
"rs9923233","G/C",68.1,1,0
"rs9926289","G/A",68.1,1,0
"rs9939609","T/A",68.1,1,0
"rs115140649","A/G",98.8,1,0
"rs11642841","C/A",73.8,0.563744,0
"rs3764261","C/A",66.2,0.451608,0
"rs56249585","C/T",55,0.373782,0
"rs4530138","A/C",62.5,0.231561,0
"rs16942887","G/A",88.8,0.051317,0
"rs2000999","G/A",72.5,0.580596,0
"rs7193343","C/T",66.2,0.451608,0
"rs7192350","A/G",66.2,0.451608,0
"rs2106261","C/T",77.5,0.101748,0
"rs7203014","G/C",87.5,1,0
"rs2359171","T/A",77.5,0.332912,0
"rs879324","G/A",74.4,0.568667,0
"rs75179727","C/T",95.6,1,0
"rs2925979","C/T",58.8,0.643767,0
"rs4843416","A/G",91.2,1,0
"rs2116941","C/A",80,0.286494,0
"rs1529729","T/C",54.4,0.507697,0
"rs1122608","G/T",78.1,0.185778,0
"rs6511720","G/T",92.5,0.359101,0
"rs2228671","C/T",93.1,1,0
"rs10423288","T/C",86.2,0.342775,0
"rs737337","T/C",84.4,0.088533,0
"rs10401969","T/C",93.8,1,0
"rs429358","T/C",89.4,0.589014,0
"rs445925","G/A",92.5,1,0
"rs56131196","G/A",83.8,1,0
"rs8106813","A/G",55,0.821022,0
"rs492602","A/G",58.1,1,0
"rs575344194","C/T",99.4,1,0
"rs681343","C/T",58.1,1,0
"rs12628032","C/T",72.5,0.269402,0
"rs181362","C/T",73.1,0.567788,0
"rs5756931","T/C",65,0.80833,0
"rs5756932","C/T",65.6,0.80574,0
"rs116863293","G/A",95.6,0.127896,0
"rs28451064","G/A",92.5,0.359101,0
